Date,Player1,Player2,Winner,Note1,Note2
2019-12-15,野狐-李飞,WXG-陈泽友,野狐-李飞,第6届腾讯围棋大赛个人赛现场赛,第1轮
2019-12-15,PCG-丁阳,野狐-李飞,PCG-丁阳,第6届腾讯围棋大赛个人赛现场赛,第2轮
2019-12-15,野狐-李飞,IEG-朱磊,IEG-朱磊,第6届腾讯围棋大赛个人赛现场赛,第3轮
2019-12-15,CDG-沈希阳,野狐-李飞,CDG-沈希阳,第6届腾讯围棋大赛个人赛现场赛,第4轮
2019-12-15,野狐-李飞,TEG-王早,TEG-王早,第6届腾讯围棋大赛个人赛现场赛,第5轮
2019-12-15,CSIG-熊昊奇,野狐-李飞,野狐-李飞,第6届腾讯围棋大赛个人赛现场赛,第6轮
2019-12-15,IEG-朱磊,WXG-陈泽友,IEG-朱磊,第6届腾讯围棋大赛个人赛现场赛,第2轮
2019-12-15,WXG-陈泽友,CDG-沈希阳,CDG-沈希阳,第6届腾讯围棋大赛个人赛现场赛,第3轮
2019-12-15,CSIG-熊昊奇,WXG-陈泽友,CSIG-熊昊奇,第6届腾讯围棋大赛个人赛现场赛,第4轮
2019-12-15,WXG-陈泽友,PCG-张思,,第6届腾讯围棋大赛个人赛现场赛,第5轮
2019-12-15,IEG-王昊,WXG-陈泽友,,第6届腾讯围棋大赛个人赛现场赛,第6轮
2019-12-15,PCG-丁阳,IEG-朱磊,PCG-丁阳,第6届腾讯围棋大赛个人赛现场赛,第1轮
2019-12-15,PCG-丁阳,野狐-赵东易,野狐-赵东易,第6届腾讯围棋大赛个人赛现场赛,第3轮
2019-12-15,S1-周子祺,PCG-丁阳,PCG-丁阳,第6届腾讯围棋大赛个人赛现场赛,第4轮
2019-12-15,PCG-丁阳,IEG-刘博东,IEG-刘博东,第6届腾讯围棋大赛个人赛现场赛,第5轮
2019-12-15,野狐-张明星,PCG-丁阳,PCG-丁阳,第6届腾讯围棋大赛个人赛现场赛,第6轮
2019-12-15,TEG-沈张毅,IEG-朱磊,TEG-沈张毅,第6届腾讯围棋大赛个人赛现场赛,第4轮
2019-12-15,IEG-朱磊,PCG-秦亦周,,第6届腾讯围棋大赛个人赛现场赛,第5轮
2019-12-15,TEG-王早,IEG-朱磊,TEG-王早,第6届腾讯围棋大赛个人赛现场赛,第6轮
2019-12-15,S1-周子祺,CDG-沈希阳,S1-周子祺,第6届腾讯围棋大赛个人赛现场赛,第1轮
2019-12-15,野狐-赵东易,S1-周子祺,野狐-赵东易,第6届腾讯围棋大赛个人赛现场赛,第2轮
2019-12-15,S1-周子祺,野狐-张明星,S1-周子祺,第6届腾讯围棋大赛个人赛现场赛,第3轮
2019-12-15,S1-周子祺,IEG-王昊,S1-周子祺,第6届腾讯围棋大赛个人赛现场赛,第5轮
2019-12-15,PCG-秦亦周,S1-周子祺,PCG-秦亦周,第6届腾讯围棋大赛个人赛现场赛,第6轮
2019-12-15,野狐-张明星,CDG-沈希阳,野狐-张明星,第6届腾讯围棋大赛个人赛现场赛,第2轮
2019-12-15,CDG-沈希阳,TEG-朴乘志,TEG-朴乘志,第6届腾讯围棋大赛个人赛现场赛,第5轮
2019-12-15,PCG-张思,CDG-沈希阳,,第6届腾讯围棋大赛个人赛现场赛,第6轮
2019-12-15,野狐-赵东易,野狐-张明星,野狐-赵东易,第6届腾讯围棋大赛个人赛现场赛,第1轮
2019-12-15,IEG-刘博东,野狐-赵东易,野狐-赵东易,第6届腾讯围棋大赛个人赛现场赛,第4轮
2019-12-15,野狐-赵东易,TEG-沈张毅,,第6届腾讯围棋大赛个人赛现场赛,第5轮
2019-12-15,TEG-朴乘志,野狐-赵东易,野狐-赵东易,第6届腾讯围棋大赛个人赛现场赛,第6轮
2019-12-15,TEG-王早,野狐-张明星,TEG-王早,第6届腾讯围棋大赛个人赛现场赛,第4轮
2019-12-15,野狐-张明星,CSIG-熊昊奇,野狐-张明星,第6届腾讯围棋大赛个人赛现场赛,第5轮
2019-12-15,TEG-沈张毅,CSIG-熊昊奇,TEG-沈张毅,第6届腾讯围棋大赛个人赛现场赛,第1轮
2019-12-15,TEG-朴乘志,TEG-沈张毅,TEG-朴乘志,第6届腾讯围棋大赛个人赛现场赛,第2轮
2019-12-15,TEG-沈张毅,IEG-王昊,TEG-沈张毅,第6届腾讯围棋大赛个人赛现场赛,第3轮
2019-12-15,IEG-刘博东,TEG-沈张毅,TEG-沈张毅,第6届腾讯围棋大赛个人赛现场赛,第6轮
2019-12-15,IEG-王昊,CSIG-熊昊奇,IEG-王昊,第6届腾讯围棋大赛个人赛现场赛,第2轮
2019-12-15,CSIG-熊昊奇,PCG-张思,PCG-张思,第6届腾讯围棋大赛个人赛现场赛,第3轮
2019-12-15,IEG-王昊,TEG-朴乘志,TEG-朴乘志,第6届腾讯围棋大赛个人赛现场赛,第1轮
2019-12-15,PCG-张思,IEG-王昊,IEG-王昊,第6届腾讯围棋大赛个人赛现场赛,第4轮
2019-12-15,TEG-朴乘志,IEG-刘博东,IEG-刘博东,第6届腾讯围棋大赛个人赛现场赛,第3轮
2019-12-15,PCG-秦亦周,TEG-朴乘志,PCG-秦亦周,第6届腾讯围棋大赛个人赛现场赛,第4轮
2019-12-15,IEG-刘博东,TEG-王早,IEG-刘博东,第6届腾讯围棋大赛个人赛现场赛,第1轮
2019-12-15,PCG-秦亦周,IEG-刘博东,IEG-刘博东,第6届腾讯围棋大赛个人赛现场赛,第2轮
2019-12-15,PCG-张思,TEG-王早,TEG-王早,第6届腾讯围棋大赛个人赛现场赛,第2轮
2019-12-15,TEG-王早,PCG-秦亦周,PCG-秦亦周,第6届腾讯围棋大赛个人赛现场赛,第3轮
2019-12-15,PCG-秦亦周,PCG-张思,PCG-秦亦周,第6届腾讯围棋大赛个人赛现场赛,第1轮
2013-12-15,daweiluo（罗大为）,forrestyao（姚星）,daweiluo（罗大为）,第1届腾讯围棋大赛个人赛现场赛,第1轮
2013-12-15,jonaswang（王剑）,daweiluo（罗大为）,jonaswang（王剑）,第1届腾讯围棋大赛个人赛现场赛,第2轮
2013-12-15,daweiluo（罗大为）,sandyzqyang（杨宗强）,daweiluo（罗大为）,第1届腾讯围棋大赛个人赛现场赛,第3轮
2013-12-15,parry（彭雄伟）,daweiluo（罗大为）,parry（彭雄伟）,第1届腾讯围棋大赛个人赛现场赛,第4轮
2013-12-15,hillhe（何一峰）,forrestyao（姚星）,hillhe（何一峰）,第1届腾讯围棋大赛个人赛现场赛,第2轮
2013-12-15,forrestyao（姚星）,lureeliu（刘旭）,lureeliu（刘旭）,第1届腾讯围棋大赛个人赛现场赛,第3轮
2013-12-15,sandyzqyang（杨宗强）,forrestyao（姚星）,sandyzqyang（杨宗强）,第1届腾讯围棋大赛个人赛现场赛,第4轮
2013-12-15,hillhe（何一峰）,jonaswang（王剑）,jonaswang（王剑）,第1届腾讯围棋大赛个人赛现场赛,第1轮
2013-12-15,hillhe（何一峰）,zhiguohong（洪志国）,zhiguohong（洪志国）,第1届腾讯围棋大赛个人赛现场赛,第3轮
2013-12-15,lureeliu（刘旭）,hillhe（何一峰）,hillhe（何一峰）,第1届腾讯围棋大赛个人赛现场赛,第4轮
2013-12-15,jonaswang（王剑）,parry（彭雄伟）,parry（彭雄伟）,第1届腾讯围棋大赛个人赛现场赛,第3轮
2013-12-15,zhiguohong（洪志国）,jonaswang（王剑）,zhiguohong（洪志国）,第1届腾讯围棋大赛个人赛现场赛,第4轮
2013-12-15,lureeliu（刘旭）,parry（彭雄伟）,parry（彭雄伟）,第1届腾讯围棋大赛个人赛现场赛,第1轮
2013-12-15,zhiguohong（洪志国）,lureeliu（刘旭）,zhiguohong（洪志国）,第1届腾讯围棋大赛个人赛现场赛,第2轮
2013-12-15,sandyzqyang（杨宗强）,parry（彭雄伟）,parry（彭雄伟）,第1届腾讯围棋大赛个人赛现场赛,第2轮
2013-12-15,sandyzqyang（杨宗强）,zhiguohong（洪志国）,sandyzqyang（杨宗强）,第1届腾讯围棋大赛个人赛现场赛,第1轮
2023-12-15,刘博东,朴乘志,刘博东,第10届腾讯围棋大赛个人赛现场赛,第1轮
2023-12-15,高一君,刘博东,刘博东,第10届腾讯围棋大赛个人赛现场赛,第2轮
2023-12-15,刘博东,洪时豪,刘博东,第10届腾讯围棋大赛个人赛现场赛,第3轮
2023-12-15,沈希阳,刘博东,,第10届腾讯围棋大赛个人赛现场赛,第4轮
2023-12-15,刘博东,陈愚夫,刘博东,第10届腾讯围棋大赛个人赛现场赛,第5轮
2023-12-15,彭天佐,刘博东,刘博东,第10届腾讯围棋大赛个人赛现场赛,第6轮
2023-12-15,罗大为,朴乘志,朴乘志,第10届腾讯围棋大赛个人赛现场赛,第2轮
2023-12-15,朴乘志,王早,王早,第10届腾讯围棋大赛个人赛现场赛,第3轮
2023-12-15,林盛,朴乘志,朴乘志,第10届腾讯围棋大赛个人赛现场赛,第4轮
2023-12-15,朴乘志,彭天佐,彭天佐,第10届腾讯围棋大赛个人赛现场赛,第5轮
2023-12-15,金川杰,朴乘志,朴乘志,第10届腾讯围棋大赛个人赛现场赛,第6轮
2023-12-15,高一君,罗大为,高一君,第10届腾讯围棋大赛个人赛现场赛,第1轮
2023-12-15,高一君,林盛,高一君,第10届腾讯围棋大赛个人赛现场赛,第3轮
2023-12-15,朱磊,高一君,高一君,第10届腾讯围棋大赛个人赛现场赛,第4轮
2023-12-15,高一君,沈希阳,高一君,第10届腾讯围棋大赛个人赛现场赛,第5轮
2023-12-15,王早,高一君,高一君,第10届腾讯围棋大赛个人赛现场赛,第6轮
2023-12-15,罗大为,丁阳,,第10届腾讯围棋大赛个人赛现场赛,第3轮
2023-12-15,刘馨忆,罗大为,罗大为,第10届腾讯围棋大赛个人赛现场赛,第4轮
2023-12-15,罗大为,周淼,罗大为,第10届腾讯围棋大赛个人赛现场赛,第5轮
2023-12-15,沈希阳,罗大为,沈希阳,第10届腾讯围棋大赛个人赛现场赛,第6轮
2023-12-15,林盛,刘馨忆,林盛,第10届腾讯围棋大赛个人赛现场赛,第1轮
2023-12-15,洪时豪,林盛,洪时豪,第10届腾讯围棋大赛个人赛现场赛,第2轮
2023-12-15,林盛,周杨杰,,第10届腾讯围棋大赛个人赛现场赛,第5轮
2023-12-15,戴南,林盛,戴南,第10届腾讯围棋大赛个人赛现场赛,第6轮
2023-12-15,金川杰,刘馨忆,刘馨忆,第10届腾讯围棋大赛个人赛现场赛,第2轮
2023-12-15,刘馨忆,戴南,戴南,第10届腾讯围棋大赛个人赛现场赛,第3轮
2023-12-15,刘馨忆,朱磊,朱磊,第10届腾讯围棋大赛个人赛现场赛,第5轮
2023-12-15,张思,刘馨忆,张思,第10届腾讯围棋大赛个人赛现场赛,第6轮
2023-12-15,洪时豪,金川杰,洪时豪,第10届腾讯围棋大赛个人赛现场赛,第1轮
2023-12-15,彭天佐,洪时豪,洪时豪,第10届腾讯围棋大赛个人赛现场赛,第4轮
2023-12-15,洪时豪,王早,,第10届腾讯围棋大赛个人赛现场赛,第5轮
2023-12-15,王行健,洪时豪,王行健,第10届腾讯围棋大赛个人赛现场赛,第6轮
2023-12-15,金川杰,秦亦周,秦亦周,第10届腾讯围棋大赛个人赛现场赛,第3轮
2023-12-15,张思,金川杰,张思,第10届腾讯围棋大赛个人赛现场赛,第4轮
2023-12-15,金川杰,丁阳,丁阳,第10届腾讯围棋大赛个人赛现场赛,第5轮
2023-12-15,彭天佐,戴南,彭天佐,第10届腾讯围棋大赛个人赛现场赛,第1轮
2023-12-15,陈愚夫,彭天佐,彭天佐,第10届腾讯围棋大赛个人赛现场赛,第2轮
2023-12-15,彭天佐,王行健,王行健,第10届腾讯围棋大赛个人赛现场赛,第3轮
2023-12-15,秦亦周,戴南,戴南,第10届腾讯围棋大赛个人赛现场赛,第2轮
2023-12-15,陈愚夫,戴南,陈愚夫,第10届腾讯围棋大赛个人赛现场赛,第4轮
2023-12-15,戴南,王行健,王行健,第10届腾讯围棋大赛个人赛现场赛,第5轮
2023-12-15,陈愚夫,秦亦周,陈愚夫,第10届腾讯围棋大赛个人赛现场赛,第1轮
2023-12-15,陈愚夫,周淼,陈愚夫,第10届腾讯围棋大赛个人赛现场赛,第3轮
2023-12-15,朱磊,陈愚夫,陈愚夫,第10届腾讯围棋大赛个人赛现场赛,第6轮
2023-12-15,周淼,秦亦周,周淼,第10届腾讯围棋大赛个人赛现场赛,第4轮
2023-12-15,秦亦周,张思,秦亦周,第10届腾讯围棋大赛个人赛现场赛,第5轮
2023-12-15,周杨杰,秦亦周,周杨杰,第10届腾讯围棋大赛个人赛现场赛,第6轮
2023-12-15,王行健,周淼,王行健,第10届腾讯围棋大赛个人赛现场赛,第1轮
2023-12-15,沈希阳,王行健,王行健,第10届腾讯围棋大赛个人赛现场赛,第2轮
2023-12-15,王早,王行健,王早,第10届腾讯围棋大赛个人赛现场赛,第4轮
2023-12-15,周杨杰,周淼,周淼,第10届腾讯围棋大赛个人赛现场赛,第2轮
2023-12-15,丁阳,周淼,周淼,第10届腾讯围棋大赛个人赛现场赛,第6轮
2023-12-15,沈希阳,周杨杰,沈希阳,第10届腾讯围棋大赛个人赛现场赛,第1轮
2023-12-15,沈希阳,朱磊,沈希阳,第10届腾讯围棋大赛个人赛现场赛,第3轮
2023-12-15,周杨杰,张思,周杨杰,第10届腾讯围棋大赛个人赛现场赛,第3轮
2023-12-15,丁阳,周杨杰,周杨杰,第10届腾讯围棋大赛个人赛现场赛,第4轮
2023-12-15,王早,张思,王早,第10届腾讯围棋大赛个人赛现场赛,第1轮
2023-12-15,丁阳,王早,王早,第10届腾讯围棋大赛个人赛现场赛,第2轮
2023-12-15,朱磊,张思,朱磊,第10届腾讯围棋大赛个人赛现场赛,第2轮
2023-12-15,朱磊,丁阳,丁阳,第10届腾讯围棋大赛个人赛现场赛,第1轮
2013-10-01,daividdai（戴斌）,huberyhuang（黄晓军）,huberyhuang（黄晓军）,第1届腾讯围棋大赛个人赛预选赛B组,第1轮
2013-10-01,daividdai（戴斌）,joefan（范君）,joefan（范君）,第1届腾讯围棋大赛个人赛预选赛B组,第3轮
2013-10-01,jefflhuang,huberyhuang（黄晓军）,jefflhuang,第1届腾讯围棋大赛个人赛预选赛B组,第2轮
2013-10-01,huberyhuang（黄晓军）,johnnylin（林少章）,johnnylin（林少章）,第1届腾讯围棋大赛个人赛预选赛B组,第3轮
2013-10-01,hiramdeng（邓志海）,huberyhuang（黄晓军）,huberyhuang（黄晓军）,第1届腾讯围棋大赛个人赛预选赛B组,第4轮
2013-10-01,huberyhuang（黄晓军）,joefan（范君）,huberyhuang（黄晓军）,第1届腾讯围棋大赛个人赛预选赛B组,第5轮
2013-10-01,lureeliu（刘旭）,huberyhuang（黄晓军）,lureeliu（刘旭）,第1届腾讯围棋大赛个人赛预选赛B组,第6轮
2013-10-01,hiramdeng（邓志海）,jefflhuang,jefflhuang,第1届腾讯围棋大赛个人赛预选赛B组,第1轮
2013-10-01,johnnylin（林少章）,hiramdeng（邓志海）,johnnylin（林少章）,第1届腾讯围棋大赛个人赛预选赛B组,第2轮
2013-10-01,hiramdeng（邓志海）,wisterniu（牛小彬）,wisterniu（牛小彬）,第1届腾讯围棋大赛个人赛预选赛B组,第3轮
2013-10-01,hiramdeng（邓志海）,staceyzhou（周海涛）,,第1届腾讯围棋大赛个人赛预选赛B组,第5轮
2013-10-01,lanpiceliao（廖灿）,hiramdeng（邓志海）,lanpiceliao（廖灿）,第1届腾讯围棋大赛个人赛预选赛B组,第6轮
2013-10-01,jefflhuang,jonaswang（王剑）,jonaswang（王剑）,第1届腾讯围棋大赛个人赛预选赛B组,第3轮
2013-10-01,joefan（范君）,johnnylin（林少章）,joefan（范君）,第1届腾讯围棋大赛个人赛预选赛B组,第1轮
2013-10-01,jonaswang（王剑）,joefan（范君）,jonaswang（王剑）,第1届腾讯围棋大赛个人赛预选赛B组,第2轮
2013-10-01,sunshinexiong（熊晖）,joefan（范君）,,第1届腾讯围棋大赛个人赛预选赛B组,第4轮
2013-10-01,tylerwu（吴树根）,joefan（范君）,tylerwu（吴树根）,第1届腾讯围棋大赛个人赛预选赛B组,第6轮
2013-10-01,lureeliu（刘旭）,johnnylin（林少章）,lureeliu（刘旭）,第1届腾讯围棋大赛个人赛预选赛B组,第4轮
2013-10-01,johnnylin（林少章）,markyang（杨建北）,markyang（杨建北）,第1届腾讯围棋大赛个人赛预选赛B组,第5轮
2013-10-01,staceyzhou（周海涛）,johnnylin（林少章）,johnnylin（林少章）,第1届腾讯围棋大赛个人赛预选赛B组,第6轮
2013-10-01,jonaswang（王剑）,kamiwang（王泽华）,jonaswang（王剑）,第1届腾讯围棋大赛个人赛预选赛B组,第1轮
2013-10-01,tylerwu（吴树根）,jonaswang（王剑）,jonaswang（王剑）,第1届腾讯围棋大赛个人赛预选赛B组,第4轮
2013-10-01,jonaswang（王剑）,zhiguohong（洪志国）,jonaswang（王剑）,第1届腾讯围棋大赛个人赛预选赛B组,第5轮
2013-10-01,sandyzqyang（杨宗强）,jonaswang（王剑）,jonaswang（王剑）,第1届腾讯围棋大赛个人赛预选赛B组,第6轮
2013-10-01,markyang（杨建北）,kamiwang（王泽华）,markyang（杨建北）,第1届腾讯围棋大赛个人赛预选赛B组,第2轮
2013-10-01,kamiwang（王泽华）,robychen（陈睿）,robychen（陈睿）,第1届腾讯围棋大赛个人赛预选赛B组,第3轮
2013-10-01,lanpiceliao（廖灿）,lauxxu（许欢欢）,lanpiceliao（廖灿）,第1届腾讯围棋大赛个人赛预选赛B组,第1轮
2013-10-01,lureeliu（刘旭）,lanpiceliao（廖灿）,lureeliu（刘旭）,第1届腾讯围棋大赛个人赛预选赛B组,第2轮
2013-10-01,lanpiceliao（廖灿）,markyang（杨建北）,markyang（杨建北）,第1届腾讯围棋大赛个人赛预选赛B组,第3轮
2013-10-01,robychen（陈睿）,lanpiceliao（廖灿）,robychen（陈睿）,第1届腾讯围棋大赛个人赛预选赛B组,第4轮
2013-10-01,lanpiceliao（廖灿）,sandyzhu（朱磊）,sandyzhu（朱磊）,第1届腾讯围棋大赛个人赛预选赛B组,第5轮
2013-10-01,lokihong（洪阳）,lumosliu（刘寅）,,第1届腾讯围棋大赛个人赛预选赛B组,第1轮
2013-10-01,lureeliu（刘旭）,markyang（杨建北）,lureeliu（刘旭）,第1届腾讯围棋大赛个人赛预选赛B组,第1轮
2013-10-01,lureeliu（刘旭）,sandyzqyang（杨宗强）,sandyzqyang（杨宗强）,第1届腾讯围棋大赛个人赛预选赛B组,第3轮
2013-10-01,lureeliu（刘旭）,smith（李强）,smith（李强）,第1届腾讯围棋大赛个人赛预选赛B组,第5轮
2013-10-01,smith（李强）,markyang（杨建北）,smith（李强）,第1届腾讯围棋大赛个人赛预选赛B组,第4轮
2013-10-01,sunshinexiong（熊晖）,markyang（杨建北）,sunshinexiong（熊晖）,第1届腾讯围棋大赛个人赛预选赛B组,第6轮
2013-10-01,piggyliao（廖娟）,ritainhe（何伟岗）,,第1届腾讯围棋大赛个人赛预选赛B组,第1轮
2013-10-01,robychen（陈睿）,sandyzhu（朱磊）,sandyzhu（朱磊）,第1届腾讯围棋大赛个人赛预选赛B组,第1轮
2013-10-01,smith（李强）,robychen（陈睿）,smith（李强）,第1届腾讯围棋大赛个人赛预选赛B组,第2轮
2013-10-01,robychen（陈睿）,sunshinexiong（熊晖）,sunshinexiong（熊晖）,第1届腾讯围棋大赛个人赛预选赛B组,第5轮
2013-10-01,wisterniu（牛小彬）,robychen（陈睿）,robychen（陈睿）,第1届腾讯围棋大赛个人赛预选赛B组,第6轮
2013-10-01,sandyzqyang（杨宗强）,sandyzhu（朱磊）,sandyzqyang（杨宗强）,第1届腾讯围棋大赛个人赛预选赛B组,第2轮
2013-10-01,sandyzhu（朱磊）,smith（李强）,smith（李强）,第1届腾讯围棋大赛个人赛预选赛B组,第3轮
2013-10-01,staceyzhou（周海涛）,sandyzhu（朱磊）,sandyzhu（朱磊）,第1届腾讯围棋大赛个人赛预选赛B组,第4轮
2013-10-01,tuneluo（罗赛燕）,sandyzhu（朱磊）,sandyzhu（朱磊）,第1届腾讯围棋大赛个人赛预选赛B组,第6轮
2013-10-01,sandyzqyang（杨宗强）,smith（李强）,sandyzqyang（杨宗强）,第1届腾讯围棋大赛个人赛预选赛B组,第1轮
2013-10-01,zhiguohong（洪志国）,sandyzqyang（杨宗强）,zhiguohong（洪志国）,第1届腾讯围棋大赛个人赛预选赛B组,第4轮
2013-10-01,sandyzqyang（杨宗强）,tuneluo（罗赛燕）,sandyzqyang（杨宗强）,第1届腾讯围棋大赛个人赛预选赛B组,第5轮
2013-10-01,zhiguohong（洪志国）,smith（李强）,smith（李强）,第1届腾讯围棋大赛个人赛预选赛B组,第6轮
2013-10-01,staceyzhou（周海涛）,sunshinexiong（熊晖）,sunshinexiong（熊晖）,第1届腾讯围棋大赛个人赛预选赛B组,第1轮
2013-10-01,tuneluo（罗赛燕）,staceyzhou（周海涛）,tuneluo（罗赛燕）,第1届腾讯围棋大赛个人赛预选赛B组,第2轮
2013-10-01,tylerwu（吴树根）,sunshinexiong（熊晖）,tylerwu（吴树根）,第1届腾讯围棋大赛个人赛预选赛B组,第2轮
2013-10-01,sunshinexiong（熊晖）,tuneluo（罗赛燕）,tuneluo（罗赛燕）,第1届腾讯围棋大赛个人赛预选赛B组,第3轮
2013-10-01,tuneluo（罗赛燕）,tylerwu（吴树根）,tylerwu（吴树根）,第1届腾讯围棋大赛个人赛预选赛B组,第1轮
2013-10-01,wisterniu（牛小彬）,tuneluo（罗赛燕）,tuneluo（罗赛燕）,第1届腾讯围棋大赛个人赛预选赛B组,第4轮
2013-10-01,tylerwu（吴树根）,zhiguohong（洪志国）,zhiguohong（洪志国）,第1届腾讯围棋大赛个人赛预选赛B组,第3轮
2013-10-01,tylerwu（吴树根）,wisterniu（牛小彬）,,第1届腾讯围棋大赛个人赛预选赛B组,第5轮
2013-10-01,wisterniu（牛小彬）,xiaomaimi（宓宇）,wisterniu（牛小彬）,第1届腾讯围棋大赛个人赛预选赛B组,第1轮
2013-10-01,zhiguohong（洪志国）,wisterniu（牛小彬）,zhiguohong（洪志国）,第1届腾讯围棋大赛个人赛预选赛B组,第2轮
2014-12-15,jingleliu（刘博东）,stonetang（唐铭鸿）,jingleliu（刘博东）,第2届腾讯围棋大赛个人赛现场赛,第1轮
2014-12-15,daweiluo（罗大为）,jingleliu（刘博东）,jingleliu（刘博东）,第2届腾讯围棋大赛个人赛现场赛,第2轮
2014-12-15,jingleliu（刘博东）,jonaswang（王剑）,jingleliu（刘博东）,第2届腾讯围棋大赛个人赛现场赛,第3轮
2014-12-15,parry（彭雄伟）,jingleliu（刘博东）,parry（彭雄伟）,第2届腾讯围棋大赛个人赛现场赛,第4轮
2014-12-15,valorzhang（张刚毅）,stonetang（唐铭鸿）,valorzhang（张刚毅）,第2届腾讯围棋大赛个人赛现场赛,第2轮
2014-12-15,stonetang（唐铭鸿）,jefflhuang（JEFF）,stonetang（唐铭鸿）,第2届腾讯围棋大赛个人赛现场赛,第3轮
2014-12-15,jackrchen（陈冉）,stonetang（唐铭鸿）,jackrchen（陈冉）,第2届腾讯围棋大赛个人赛现场赛,第4轮
2014-12-15,daweiluo（罗大为）,valorzhang（张刚毅）,daweiluo（罗大为）,第2届腾讯围棋大赛个人赛现场赛,第1轮
2014-12-15,daweiluo（罗大为）,jackrchen（陈冉）,daweiluo（罗大为）,第2届腾讯围棋大赛个人赛现场赛,第3轮
2014-12-15,jonaswang（王剑）,daweiluo（罗大为）,jonaswang（王剑）,第2届腾讯围棋大赛个人赛现场赛,第4轮
2014-12-15,valorzhang（张刚毅）,zhiguohong（洪志国）,zhiguohong（洪志国）,第2届腾讯围棋大赛个人赛现场赛,第3轮
2014-12-15,tylerwu（吴树根）,valorzhang（张刚毅）,tylerwu（吴树根）,第2届腾讯围棋大赛个人赛现场赛,第4轮
2014-12-15,jonaswang（王剑）,jackrchen（陈冉）,jonaswang（王剑）,第2届腾讯围棋大赛个人赛现场赛,第1轮
2014-12-15,zhiguohong（洪志国）,jonaswang（王剑）,jonaswang（王剑）,第2届腾讯围棋大赛个人赛现场赛,第2轮
2014-12-15,jefflhuang（JEFF）,jackrchen（陈冉）,jackrchen（陈冉）,第2届腾讯围棋大赛个人赛现场赛,第2轮
2014-12-15,jefflhuang（JEFF）,zhiguohong（洪志国）,zhiguohong（洪志国）,第2届腾讯围棋大赛个人赛现场赛,第1轮
2014-12-15,starlightli（李火荣）,jefflhuang（JEFF）,jefflhuang（JEFF）,第2届腾讯围棋大赛个人赛现场赛,第4轮
2014-12-15,henryhzhang（章恒）,zhiguohong（洪志国）,henryhzhang（章恒）,第2届腾讯围棋大赛个人赛现场赛,第4轮
2014-12-15,henryhzhang（章恒）,tylerwu（吴树根）,henryhzhang（章恒）,第2届腾讯围棋大赛个人赛现场赛,第1轮
2014-12-15,ryanding（丁阳）,henryhzhang（章恒）,ryanding（丁阳）,第2届腾讯围棋大赛个人赛现场赛,第2轮
2014-12-15,henryhzhang（章恒）,hillhe（何一峰）,henryhzhang（章恒）,第2届腾讯围棋大赛个人赛现场赛,第3轮
2014-12-15,sandyzhu（朱磊）,tylerwu（吴树根）,sandyzhu（朱磊）,第2届腾讯围棋大赛个人赛现场赛,第2轮
2014-12-15,tylerwu（吴树根）,starlightli（李火荣）,tylerwu（吴树根）,第2届腾讯围棋大赛个人赛现场赛,第3轮
2014-12-15,sandyzhu（朱磊）,ryanding（丁阳）,ryanding（丁阳）,第2届腾讯围棋大赛个人赛现场赛,第1轮
2014-12-15,sandyzhu（朱磊）,ritianwang（王昊）,ritianwang（王昊）,第2届腾讯围棋大赛个人赛现场赛,第3轮
2014-12-15,hillhe（何一峰）,sandyzhu（朱磊）,hillhe（何一峰）,第2届腾讯围棋大赛个人赛现场赛,第4轮
2014-12-15,ryanding（丁阳）,parry（彭雄伟）,parry（彭雄伟）,第2届腾讯围棋大赛个人赛现场赛,第3轮
2014-12-15,ritianwang（王昊）,ryanding（丁阳）,ritianwang（王昊）,第2届腾讯围棋大赛个人赛现场赛,第4轮
2014-12-15,parry（彭雄伟）,starlightli（李火荣）,parry（彭雄伟）,第2届腾讯围棋大赛个人赛现场赛,第1轮
2014-12-15,ritianwang（王昊）,parry（彭雄伟）,parry（彭雄伟）,第2届腾讯围棋大赛个人赛现场赛,第2轮
2014-12-15,hillhe（何一峰）,starlightli（李火荣）,hillhe（何一峰）,第2届腾讯围棋大赛个人赛现场赛,第2轮
2014-12-15,hillhe（何一峰）,ritianwang（王昊）,ritianwang（王昊）,第2届腾讯围棋大赛个人赛现场赛,第1轮
2021-12-15,沈张毅,郭启嘉,郭启嘉,第8届腾讯围棋大赛个人赛现场赛,第1轮
2021-12-15,高一君,沈张毅,高一君,第8届腾讯围棋大赛个人赛现场赛,第2轮
2021-12-15,沈张毅,李林,李林,第8届腾讯围棋大赛个人赛现场赛,第3轮
2021-12-15,罗奕斐,沈张毅,沈张毅,第8届腾讯围棋大赛个人赛现场赛,第4轮
2021-12-15,沈张毅,乔浩,乔浩,第8届腾讯围棋大赛个人赛现场赛,第5轮
2021-12-15,罗大为,郭启嘉,罗大为,第8届腾讯围棋大赛个人赛现场赛,第2轮
2021-12-15,郭启嘉,沈希阳,,第8届腾讯围棋大赛个人赛现场赛,第3轮
2021-12-15,高一君,郭启嘉,郭启嘉,第8届腾讯围棋大赛个人赛现场赛,第4轮
2021-12-15,郭启嘉,朴乘志,郭启嘉,第8届腾讯围棋大赛个人赛现场赛,第5轮
2021-12-15,黄博阳,郭启嘉,黄博阳,第8届腾讯围棋大赛个人赛现场赛,第6轮
2021-12-15,高一君,罗大为,罗大为,第8届腾讯围棋大赛个人赛现场赛,第1轮
2021-12-15,高一君,乔浩,高一君,第8届腾讯围棋大赛个人赛现场赛,第3轮
2021-12-15,高一君,陈新星,高一君,第8届腾讯围棋大赛个人赛现场赛,第5轮
2021-12-15,刘博东,高一君,刘博东,第8届腾讯围棋大赛个人赛现场赛,第6轮
2021-12-15,罗大为,黄博阳,黄博阳,第8届腾讯围棋大赛个人赛现场赛,第3轮
2021-12-15,刘博东,罗大为,,第8届腾讯围棋大赛个人赛现场赛,第4轮
2021-12-15,罗大为,陈愚夫,罗大为,第8届腾讯围棋大赛个人赛现场赛,第5轮
2021-12-15,沈希阳,罗大为,罗大为,第8届腾讯围棋大赛个人赛现场赛,第6轮
2021-12-15,黄博阳,乔浩,黄博阳,第8届腾讯围棋大赛个人赛现场赛,第1轮
2021-12-15,朴乘志,黄博阳,黄博阳,第8届腾讯围棋大赛个人赛现场赛,第2轮
2021-12-15,洪时豪,黄博阳,黄博阳,第8届腾讯围棋大赛个人赛现场赛,第4轮
2021-12-15,黄博阳,丁阳,黄博阳,第8届腾讯围棋大赛个人赛现场赛,第5轮
2021-12-15,熊昊奇,乔浩,乔浩,第8届腾讯围棋大赛个人赛现场赛,第2轮
2021-12-15,张方卿,乔浩,,第8届腾讯围棋大赛个人赛现场赛,第4轮
2021-12-15,罗奕斐,乔浩,乔浩,第8届腾讯围棋大赛个人赛现场赛,第6轮
2021-12-15,熊昊奇,朴乘志,朴乘志,第8届腾讯围棋大赛个人赛现场赛,第1轮
2021-12-15,熊昊奇,罗奕斐,熊昊奇,第8届腾讯围棋大赛个人赛现场赛,第3轮
2021-12-15,陈新星,熊昊奇,陈新星,第8届腾讯围棋大赛个人赛现场赛,第4轮
2021-12-15,熊昊奇,张方卿,熊昊奇,第8届腾讯围棋大赛个人赛现场赛,第5轮
2021-12-15,陈愚夫,熊昊奇,陈愚夫,第8届腾讯围棋大赛个人赛现场赛,第6轮
2021-12-15,朴乘志,陈新星,朴乘志,第8届腾讯围棋大赛个人赛现场赛,第3轮
2021-12-15,曾跃天,朴乘志,朴乘志,第8届腾讯围棋大赛个人赛现场赛,第4轮
2021-12-15,洪时豪,朴乘志,洪时豪,第8届腾讯围棋大赛个人赛现场赛,第6轮
2021-12-15,洪时豪,陈新星,洪时豪,第8届腾讯围棋大赛个人赛现场赛,第1轮
2021-12-15,陈愚夫,洪时豪,洪时豪,第8届腾讯围棋大赛个人赛现场赛,第2轮
2021-12-15,洪时豪,曾跃天,洪时豪,第8届腾讯围棋大赛个人赛现场赛,第3轮
2021-12-15,洪时豪,李林,洪时豪,第8届腾讯围棋大赛个人赛现场赛,第5轮
2021-12-15,罗奕斐,陈新星,陈新星,第8届腾讯围棋大赛个人赛现场赛,第2轮
2021-12-15,苏洋,陈新星,陈新星,第8届腾讯围棋大赛个人赛现场赛,第6轮
2021-12-15,陈愚夫,罗奕斐,陈愚夫,第8届腾讯围棋大赛个人赛现场赛,第1轮
2021-12-15,陈愚夫,苏洋,陈愚夫,第8届腾讯围棋大赛个人赛现场赛,第3轮
2021-12-15,丁阳,陈愚夫,丁阳,第8届腾讯围棋大赛个人赛现场赛,第4轮
2021-12-15,罗奕斐,苏洋,苏洋,第8届腾讯围棋大赛个人赛现场赛,第5轮
2021-12-15,张方卿,曾跃天,曾跃天,第8届腾讯围棋大赛个人赛现场赛,第1轮
2021-12-15,苏洋,张方卿,苏洋,第8届腾讯围棋大赛个人赛现场赛,第2轮
2021-12-15,张方卿,朱磊,朱磊,第8届腾讯围棋大赛个人赛现场赛,第3轮
2021-12-15,丁阳,曾跃天,曾跃天,第8届腾讯围棋大赛个人赛现场赛,第2轮
2021-12-15,曾跃天,沈希阳,沈希阳,第8届腾讯围棋大赛个人赛现场赛,第5轮
2021-12-15,朱磊,曾跃天,朱磊,第8届腾讯围棋大赛个人赛现场赛,第6轮
2021-12-15,苏洋,丁阳,丁阳,第8届腾讯围棋大赛个人赛现场赛,第1轮
2021-12-15,朱磊,苏洋,朱磊,第8届腾讯围棋大赛个人赛现场赛,第4轮
2021-12-15,丁阳,刘博东,丁阳,第8届腾讯围棋大赛个人赛现场赛,第3轮
2021-12-15,李林,丁阳,李林,第8届腾讯围棋大赛个人赛现场赛,第6轮
2021-12-15,沈希阳,朱磊,沈希阳,第8届腾讯围棋大赛个人赛现场赛,第1轮
2021-12-15,刘博东,沈希阳,沈希阳,第8届腾讯围棋大赛个人赛现场赛,第2轮
2021-12-15,李林,沈希阳,李林,第8届腾讯围棋大赛个人赛现场赛,第4轮
2021-12-15,李林,朱磊,李林,第8届腾讯围棋大赛个人赛现场赛,第2轮
2021-12-15,朱磊,刘博东,刘博东,第8届腾讯围棋大赛个人赛现场赛,第5轮
2021-12-15,刘博东,李林,刘博东,第8届腾讯围棋大赛个人赛现场赛,第1轮
2023-10-01,刘博东(jingleGo),戴南(dainan2021),刘博东(jingleGo),第10届腾讯围棋大赛个人赛预选赛A组,第1轮
2023-10-01,黄俊颖(孤傲的棋圣),黄曦炜(V213496499),黄俊颖(孤傲的棋圣),第10届腾讯围棋大赛个人赛预选赛A组,第1轮
2023-10-01,joshuaxchen(joshuax),刘馨忆(小九仙baby),刘馨忆(小九仙baby),第10届腾讯围棋大赛个人赛预选赛A组,第1轮
2023-10-01,田旭辉(田旭辉),刁寿钧(cachediao),田旭辉(田旭辉),第10届腾讯围棋大赛个人赛预选赛A组,第1轮
2023-10-01,朴乘志(南山豆瓣菜),林水丰(刚果骚骚猴),朴乘志(南山豆瓣菜),第10届腾讯围棋大赛个人赛预选赛A组,第1轮
2023-10-01,李林(256785),严修华(棋若有情),李林(256785),第10届腾讯围棋大赛个人赛预选赛A组,第1轮
2023-10-01,周淼(虚無飘淼),黄亦然(huangu4y62),黄亦然(huangu4y62),第10届腾讯围棋大赛个人赛预选赛A组,第1轮
2023-10-01,金川杰(WindJGo),彭天佐(刀疤帮老五),彭天佐(刀疤帮老五),第10届腾讯围棋大赛个人赛预选赛A组,第1轮
2023-10-01,张思(Serene思思),罗大为(dawidluo),罗大为(dawidluo),第10届腾讯围棋大赛个人赛预选赛A组,第1轮
2023-10-01,陈新星(小一艺),蒙锐(扶摇直),陈新星(小一艺),第10届腾讯围棋大赛个人赛预选赛A组,第1轮
2023-10-01,张刚毅(不下官子),陈泽友(v211413371),陈泽友(v211413371),第10届腾讯围棋大赛个人赛预选赛A组,第1轮
2023-10-01,朱磊(围棋新生s),王天奇(大傻砸),朱磊(围棋新生s),第10届腾讯围棋大赛个人赛预选赛A组,第1轮
2023-10-01,秦亦周(lvver),丁阳(伶仃洋),丁阳(伶仃洋),第10届腾讯围棋大赛个人赛预选赛A组,第1轮
2023-10-01,罗奕斐(小斐斐051),周杨杰(翻墙),周杨杰(翻墙),第10届腾讯围棋大赛个人赛预选赛A组,第1轮
2023-10-01,洪时豪(猴吃桃0165),林盛(想杀9D),洪时豪(猴吃桃0165),第10届腾讯围棋大赛个人赛预选赛A组,第1轮
2023-10-01,王博(薄味),周子祺(fred05zq12),周子祺(fred05zq12),第10届腾讯围棋大赛个人赛预选赛A组,第1轮
2023-10-01,王福臣(sai5go),王早(王早),王早(王早),第10届腾讯围棋大赛个人赛预选赛A组,第1轮
2023-10-01,王昊(骆驼祥19),叶子鹏(Tay1203),王昊(骆驼祥19),第10届腾讯围棋大赛个人赛预选赛A组,第1轮
2023-10-01,丁阳(伶仃洋),田旭辉(田旭辉),丁阳(伶仃洋),第10届腾讯围棋大赛个人赛预选赛A组,第2轮
2023-10-01,刘博东(jingleGo),王昊(骆驼祥19),刘博东(jingleGo),第10届腾讯围棋大赛个人赛预选赛A组,第2轮
2023-10-01,陈泽友(v211413371),朴乘志(南山豆瓣菜),朴乘志(南山豆瓣菜),第10届腾讯围棋大赛个人赛预选赛A组,第2轮
2023-10-01,彭天佐(刀疤帮老五),黄亦然(huangu4y62),彭天佐(刀疤帮老五),第10届腾讯围棋大赛个人赛预选赛A组,第2轮
2023-10-01,李林(256785),刘馨忆(小九仙baby),李林(256785),第10届腾讯围棋大赛个人赛预选赛A组,第2轮
2023-10-01,罗大为(dawidluo),黄俊颖(孤傲的棋圣),黄俊颖(孤傲的棋圣),第10届腾讯围棋大赛个人赛预选赛A组,第2轮
2023-10-01,王行健(棋道中和),王早(王早),王行健(棋道中和),第10届腾讯围棋大赛个人赛预选赛A组,第2轮
2023-10-01,朱磊(围棋新生s),周杨杰(翻墙),朱磊(围棋新生s),第10届腾讯围棋大赛个人赛预选赛A组,第2轮
2023-10-01,陈新星(小一艺),周子祺(fred05zq12),周子祺(fred05zq12),第10届腾讯围棋大赛个人赛预选赛A组,第2轮
2023-10-01,叶子鹏(Tay1203),洪时豪(猴吃桃0165),洪时豪(猴吃桃0165),第10届腾讯围棋大赛个人赛预选赛A组,第2轮
2023-10-01,蒙锐(扶摇直),王天奇(大傻砸),王天奇(大傻砸),第10届腾讯围棋大赛个人赛预选赛A组,第2轮
2023-10-01,joshuaxchen(joshuax),罗奕斐(小斐斐051),joshuaxchen(joshuax),第10届腾讯围棋大赛个人赛预选赛A组,第2轮
2023-10-01,严修华(棋若有情),王博(薄味),严修华(棋若有情),第10届腾讯围棋大赛个人赛预选赛A组,第2轮
2023-10-01,金川杰(WindJGo),戴南(dainan2021),戴南(dainan2021),第10届腾讯围棋大赛个人赛预选赛A组,第2轮
2023-10-01,刁寿钧(cachediao),秦亦周(lvver),秦亦周(lvver),第10届腾讯围棋大赛个人赛预选赛A组,第2轮
2023-10-01,林盛(想杀9D),周淼(虚無飘淼),周淼(虚無飘淼),第10届腾讯围棋大赛个人赛预选赛A组,第2轮
2023-10-01,黄曦炜(V213496499),张刚毅(不下官子),张刚毅(不下官子),第10届腾讯围棋大赛个人赛预选赛A组,第2轮
2023-10-01,林水丰(刚果骚骚猴),王福臣(sai5go),王福臣(sai5go),第10届腾讯围棋大赛个人赛预选赛A组,第2轮
2023-10-01,丁阳(伶仃洋),洪时豪(猴吃桃0165),洪时豪(猴吃桃0165),第10届腾讯围棋大赛个人赛预选赛A组,第3轮
2023-10-01,刘博东(jingleGo),王行健(棋道中和),王行健(棋道中和),第10届腾讯围棋大赛个人赛预选赛A组,第3轮
2023-10-01,朱磊(围棋新生s),周子祺(fred05zq12),周子祺(fred05zq12),第10届腾讯围棋大赛个人赛预选赛A组,第3轮
2023-10-01,李林(256785),黄俊颖(孤傲的棋圣),李林(256785),第10届腾讯围棋大赛个人赛预选赛A组,第3轮
2023-10-01,朴乘志(南山豆瓣菜),彭天佐(刀疤帮老五),彭天佐(刀疤帮老五),第10届腾讯围棋大赛个人赛预选赛A组,第3轮
2023-10-01,陈泽友(v211413371),戴南(dainan2021),戴南(dainan2021),第10届腾讯围棋大赛个人赛预选赛A组,第3轮
2023-10-01,王天奇(大傻砸),陈新星(小一艺),王天奇(大傻砸),第10届腾讯围棋大赛个人赛预选赛A组,第3轮
2023-10-01,刘馨忆(小九仙baby),田旭辉(田旭辉),田旭辉(田旭辉),第10届腾讯围棋大赛个人赛预选赛A组,第3轮
2023-10-01,黄亦然(huangu4y62),joshuaxchen(joshuax),黄亦然(huangu4y62),第10届腾讯围棋大赛个人赛预选赛A组,第3轮
2023-10-01,王早(王早),张刚毅(不下官子),王早(王早),第10届腾讯围棋大赛个人赛预选赛A组,第3轮
2023-10-01,张思(Serene思思),严修华(棋若有情),张思(Serene思思),第10届腾讯围棋大赛个人赛预选赛A组,第3轮
2023-10-01,周杨杰(翻墙),王福臣(sai5go),周杨杰(翻墙),第10届腾讯围棋大赛个人赛预选赛A组,第3轮
2023-10-01,罗大为(dawidluo),王昊(骆驼祥19),王昊(骆驼祥19),第10届腾讯围棋大赛个人赛预选赛A组,第3轮
2023-10-01,周淼(虚無飘淼),秦亦周(lvver),秦亦周(lvver),第10届腾讯围棋大赛个人赛预选赛A组,第3轮
2023-10-01,林水丰(刚果骚骚猴),罗奕斐(小斐斐051),罗奕斐(小斐斐051),第10届腾讯围棋大赛个人赛预选赛A组,第3轮
2023-10-01,林盛(想杀9D),黄曦炜(V213496499),林盛(想杀9D),第10届腾讯围棋大赛个人赛预选赛A组,第3轮
2023-10-01,王博(薄味),刁寿钧(cachediao),王博(薄味),第10届腾讯围棋大赛个人赛预选赛A组,第3轮
2023-10-01,叶子鹏(Tay1203),金川杰(WindJGo),叶子鹏(Tay1203),第10届腾讯围棋大赛个人赛预选赛A组,第3轮
2023-10-01,周子祺(fred05zq12),彭天佐(刀疤帮老五),彭天佐(刀疤帮老五),第10届腾讯围棋大赛个人赛预选赛A组,第4轮
2023-10-01,洪时豪(猴吃桃0165),王行健(棋道中和),王行健(棋道中和),第10届腾讯围棋大赛个人赛预选赛A组,第4轮
2023-10-01,田旭辉(田旭辉),李林(256785),李林(256785),第10届腾讯围棋大赛个人赛预选赛A组,第4轮
2023-10-01,周杨杰(翻墙),王天奇(大傻砸),周杨杰(翻墙),第10届腾讯围棋大赛个人赛预选赛A组,第4轮
2023-10-01,张思(Serene思思),黄俊颖(孤傲的棋圣),黄俊颖(孤傲的棋圣),第10届腾讯围棋大赛个人赛预选赛A组,第4轮
2023-10-01,王早(王早),丁阳(伶仃洋),丁阳(伶仃洋),第10届腾讯围棋大赛个人赛预选赛A组,第4轮
2023-10-01,王昊(骆驼祥19),戴南(dainan2021),戴南(dainan2021),第10届腾讯围棋大赛个人赛预选赛A组,第4轮
2023-10-01,秦亦周(lvver),朱磊(围棋新生s),朱磊(围棋新生s),第10届腾讯围棋大赛个人赛预选赛A组,第4轮
2023-10-01,黄亦然(huangu4y62),刘博东(jingleGo),刘博东(jingleGo),第10届腾讯围棋大赛个人赛预选赛A组,第4轮
2023-10-01,林盛(想杀9D),朴乘志(南山豆瓣菜),林盛(想杀9D),第10届腾讯围棋大赛个人赛预选赛A组,第4轮
2023-10-01,罗大为(dawidluo),王福臣(sai5go),罗大为(dawidluo),第10届腾讯围棋大赛个人赛预选赛A组,第4轮
2023-10-01,严修华(棋若有情),张刚毅(不下官子),张刚毅(不下官子),第10届腾讯围棋大赛个人赛预选赛A组,第4轮
2023-10-01,王博(薄味),蒙锐(扶摇直),蒙锐(扶摇直),第10届腾讯围棋大赛个人赛预选赛A组,第4轮
2023-10-01,刘馨忆(小九仙baby),叶子鹏(Tay1203),刘馨忆(小九仙baby),第10届腾讯围棋大赛个人赛预选赛A组,第4轮
2023-10-01,周淼(虚無飘淼),joshuaxchen(joshuax),周淼(虚無飘淼),第10届腾讯围棋大赛个人赛预选赛A组,第4轮
2023-10-01,罗奕斐(小斐斐051),陈新星(小一艺),陈新星(小一艺),第10届腾讯围棋大赛个人赛预选赛A组,第4轮
2023-10-01,陈泽友(v211413371),刁寿钧(cachediao),陈泽友(v211413371),第10届腾讯围棋大赛个人赛预选赛A组,第4轮
2023-10-01,黄曦炜(V213496499),金川杰(WindJGo),金川杰(WindJGo),第10届腾讯围棋大赛个人赛预选赛A组,第4轮
2023-10-01,王行健(棋道中和),李林(256785),李林(256785),第10届腾讯围棋大赛个人赛预选赛A组,第5轮
2023-10-01,彭天佐(刀疤帮老五),刘博东(jingleGo),刘博东(jingleGo),第10届腾讯围棋大赛个人赛预选赛A组,第5轮
2023-10-01,戴南(dainan2021),朱磊(围棋新生s),戴南(dainan2021),第10届腾讯围棋大赛个人赛预选赛A组,第5轮
2023-10-01,周杨杰(翻墙),丁阳(伶仃洋),周杨杰(翻墙),第10届腾讯围棋大赛个人赛预选赛A组,第5轮
2023-10-01,洪时豪(猴吃桃0165),周子祺(fred05zq12),洪时豪(猴吃桃0165),第10届腾讯围棋大赛个人赛预选赛A组,第5轮
2023-10-01,朴乘志(南山豆瓣菜),黄俊颖(孤傲的棋圣),黄俊颖(孤傲的棋圣),第10届腾讯围棋大赛个人赛预选赛A组,第5轮
2023-10-01,罗大为(dawidluo),田旭辉(田旭辉),罗大为(dawidluo),第10届腾讯围棋大赛个人赛预选赛A组,第5轮
2023-10-01,张刚毅(不下官子),陈新星(小一艺),张刚毅(不下官子),第10届腾讯围棋大赛个人赛预选赛A组,第5轮
2023-10-01,刘馨忆(小九仙baby),王早(王早),王早(王早),第10届腾讯围棋大赛个人赛预选赛A组,第5轮
2023-10-01,张思(Serene思思),周淼(虚無飘淼),张思(Serene思思),第10届腾讯围棋大赛个人赛预选赛A组,第5轮
2023-10-01,秦亦周(lvver),蒙锐(扶摇直),秦亦周(lvver),第10届腾讯围棋大赛个人赛预选赛A组,第5轮
2023-10-01,王昊(骆驼祥19),陈泽友(v211413371),陈泽友(v211413371),第10届腾讯围棋大赛个人赛预选赛A组,第5轮
2023-10-01,林盛(想杀9D),黄亦然(huangu4y62),林盛(想杀9D),第10届腾讯围棋大赛个人赛预选赛A组,第5轮
2023-10-01,王福臣(sai5go),王天奇(大傻砸),王天奇(大傻砸),第10届腾讯围棋大赛个人赛预选赛A组,第5轮
2023-10-01,严修华(棋若有情),林水丰(刚果骚骚猴),严修华(棋若有情),第10届腾讯围棋大赛个人赛预选赛A组,第5轮
2023-10-01,金川杰(WindJGo),王博(薄味),金川杰(WindJGo),第10届腾讯围棋大赛个人赛预选赛A组,第5轮
2023-10-01,叶子鹏(Tay1203),罗奕斐(小斐斐051),罗奕斐(小斐斐051),第10届腾讯围棋大赛个人赛预选赛A组,第5轮
2023-10-01,黄曦炜(V213496499),joshuaxchen(joshuax),黄曦炜(V213496499),第10届腾讯围棋大赛个人赛预选赛A组,第5轮
2023-10-01,彭天佐(刀疤帮老五),李林(256785),李林(256785),第10届腾讯围棋大赛个人赛预选赛A组,第6轮
2023-10-01,黄俊颖(孤傲的棋圣),周杨杰(翻墙),黄俊颖(孤傲的棋圣),第10届腾讯围棋大赛个人赛预选赛A组,第6轮
2023-10-01,戴南(dainan2021),王行健(棋道中和),王行健(棋道中和),第10届腾讯围棋大赛个人赛预选赛A组,第6轮
2023-10-01,刘博东(jingleGo),洪时豪(猴吃桃0165),洪时豪(猴吃桃0165),第10届腾讯围棋大赛个人赛预选赛A组,第6轮
2023-10-01,丁阳(伶仃洋),陈泽友(v211413371),丁阳(伶仃洋),第10届腾讯围棋大赛个人赛预选赛A组,第6轮
2023-10-01,王天奇(大傻砸),张思(Serene思思),张思(Serene思思),第10届腾讯围棋大赛个人赛预选赛A组,第6轮
2023-10-01,秦亦周(lvver),林盛(想杀9D),林盛(想杀9D),第10届腾讯围棋大赛个人赛预选赛A组,第6轮
2023-10-01,王早(王早),罗大为(dawidluo),王早(王早),第10届腾讯围棋大赛个人赛预选赛A组,第6轮
2023-10-01,张刚毅(不下官子),朱磊(围棋新生s),朱磊(围棋新生s),第10届腾讯围棋大赛个人赛预选赛A组,第6轮
2023-10-01,金川杰(WindJGo),周子祺(fred05zq12),周子祺(fred05zq12),第10届腾讯围棋大赛个人赛预选赛A组,第6轮
2023-10-01,蒙锐(扶摇直),严修华(棋若有情),蒙锐(扶摇直),第10届腾讯围棋大赛个人赛预选赛A组,第6轮
2023-10-01,罗奕斐(小斐斐051),王昊(骆驼祥19),王昊(骆驼祥19),第10届腾讯围棋大赛个人赛预选赛A组,第6轮
2023-10-01,周淼(虚無飘淼),田旭辉(田旭辉),田旭辉(田旭辉),第10届腾讯围棋大赛个人赛预选赛A组,第6轮
2023-10-01,陈新星(小一艺),朴乘志(南山豆瓣菜),朴乘志(南山豆瓣菜),第10届腾讯围棋大赛个人赛预选赛A组,第6轮
2023-10-01,黄亦然(huangu4y62),刘馨忆(小九仙baby),刘馨忆(小九仙baby),第10届腾讯围棋大赛个人赛预选赛A组,第6轮
2023-10-01,黄曦炜(V213496499),叶子鹏(Tay1203),叶子鹏(Tay1203),第10届腾讯围棋大赛个人赛预选赛A组,第6轮
2023-10-01,刁寿钧(cachediao),joshuaxchen(joshuax),joshuaxchen(joshuax),第10届腾讯围棋大赛个人赛预选赛A组,第6轮
2023-10-01,林水丰(刚果骚骚猴),王博(薄味),王博(薄味),第10届腾讯围棋大赛个人赛预选赛A组,第6轮
2023-10-01,洪时豪(猴吃桃0165),李林(256785),洪时豪(猴吃桃0165),第10届腾讯围棋大赛个人赛预选赛A组,第7轮
2023-10-01,黄俊颖(孤傲的棋圣),王行健(棋道中和),王行健(棋道中和),第10届腾讯围棋大赛个人赛预选赛A组,第7轮
2023-10-01,周杨杰(翻墙),张思(Serene思思),张思(Serene思思),第10届腾讯围棋大赛个人赛预选赛A组,第7轮
2023-10-01,朱磊(围棋新生s),王早(王早),王早(王早),第10届腾讯围棋大赛个人赛预选赛A组,第7轮
2023-10-01,丁阳(伶仃洋),彭天佐(刀疤帮老五),彭天佐(刀疤帮老五),第10届腾讯围棋大赛个人赛预选赛A组,第7轮
2023-10-01,周子祺(fred05zq12),戴南(dainan2021),周子祺(fred05zq12),第10届腾讯围棋大赛个人赛预选赛A组,第7轮
2023-10-01,刘博东(jingleGo),林盛(想杀9D),刘博东(jingleGo),第10届腾讯围棋大赛个人赛预选赛A组,第7轮
2023-10-01,朴乘志(南山豆瓣菜),张刚毅(不下官子),朴乘志(南山豆瓣菜),第10届腾讯围棋大赛个人赛预选赛A组,第7轮
2023-10-01,罗大为(dawidluo),陈泽友(v211413371),陈泽友(v211413371),第10届腾讯围棋大赛个人赛预选赛A组,第7轮
2023-10-01,王昊(骆驼祥19),田旭辉(田旭辉),田旭辉(田旭辉),第10届腾讯围棋大赛个人赛预选赛A组,第7轮
2023-10-01,王天奇(大傻砸),秦亦周(lvver),秦亦周(lvver),第10届腾讯围棋大赛个人赛预选赛A组,第7轮
2023-10-01,蒙锐(扶摇直),刘馨忆(小九仙baby),刘馨忆(小九仙baby),第10届腾讯围棋大赛个人赛预选赛A组,第7轮
2023-10-01,王福臣(sai5go),罗奕斐(小斐斐051),罗奕斐(小斐斐051),第10届腾讯围棋大赛个人赛预选赛A组,第7轮
2023-10-01,叶子鹏(Tay1203),黄亦然(huangu4y62),叶子鹏(Tay1203),第10届腾讯围棋大赛个人赛预选赛A组,第7轮
2023-10-01,joshuaxchen(joshuax),王博(薄味),joshuaxchen(joshuax),第10届腾讯围棋大赛个人赛预选赛A组,第7轮
2023-10-01,严修华(棋若有情),周淼(虚無飘淼),周淼(虚無飘淼),第10届腾讯围棋大赛个人赛预选赛A组,第7轮
2023-10-01,陈新星(小一艺),金川杰(WindJGo),金川杰(WindJGo),第10届腾讯围棋大赛个人赛预选赛A组,第7轮
2023-10-01,刁寿钧(cachediao),林水丰(刚果骚骚猴),林水丰(刚果骚骚猴),第10届腾讯围棋大赛个人赛预选赛A组,第7轮
2023-10-01,王行健(棋道中和),彭天佐(刀疤帮老五),彭天佐(刀疤帮老五),第10届腾讯围棋大赛个人赛预选赛A组,第8轮
2023-10-01,李林(256785),周子祺(fred05zq12),李林(256785),第10届腾讯围棋大赛个人赛预选赛A组,第8轮
2023-10-01,洪时豪(猴吃桃0165),王早(王早),王早(王早),第10届腾讯围棋大赛个人赛预选赛A组,第8轮
2023-10-01,张思(Serene思思),刘博东(jingleGo),刘博东(jingleGo),第10届腾讯围棋大赛个人赛预选赛A组,第8轮
2023-10-01,秦亦周(lvver),周杨杰(翻墙),周杨杰(翻墙),第10届腾讯围棋大赛个人赛预选赛A组,第8轮
2023-10-01,戴南(dainan2021),田旭辉(田旭辉),田旭辉(田旭辉),第10届腾讯围棋大赛个人赛预选赛A组,第8轮
2023-10-01,刘馨忆(小九仙baby),朱磊(围棋新生s),朱磊(围棋新生s),第10届腾讯围棋大赛个人赛预选赛A组,第8轮
2023-10-01,陈泽友(v211413371),林盛(想杀9D),林盛(想杀9D),第10届腾讯围棋大赛个人赛预选赛A组,第8轮
2023-10-01,丁阳(伶仃洋),朴乘志(南山豆瓣菜),朴乘志(南山豆瓣菜),第10届腾讯围棋大赛个人赛预选赛A组,第8轮
2023-10-01,joshuaxchen(joshuax),金川杰(WindJGo),金川杰(WindJGo),第10届腾讯围棋大赛个人赛预选赛A组,第8轮
2023-10-01,王天奇(大傻砸),王昊(骆驼祥19),王昊(骆驼祥19),第10届腾讯围棋大赛个人赛预选赛A组,第8轮
2023-10-01,罗奕斐(小斐斐051),张刚毅(不下官子),张刚毅(不下官子),第10届腾讯围棋大赛个人赛预选赛A组,第8轮
2023-10-01,蒙锐(扶摇直),叶子鹏(Tay1203),叶子鹏(Tay1203),第10届腾讯围棋大赛个人赛预选赛A组,第8轮
2023-10-01,周淼(虚無飘淼),罗大为(dawidluo),周淼(虚無飘淼),第10届腾讯围棋大赛个人赛预选赛A组,第8轮
2023-10-01,黄亦然(huangu4y62),黄曦炜(V213496499),黄曦炜(V213496499),第10届腾讯围棋大赛个人赛预选赛A组,第8轮
2023-10-01,王博(薄味),王福臣(sai5go),王博(薄味),第10届腾讯围棋大赛个人赛预选赛A组,第8轮
2023-10-01,林水丰(刚果骚骚猴),陈新星(小一艺),陈新星(小一艺),第10届腾讯围棋大赛个人赛预选赛A组,第8轮
2023-10-01,严修华(棋若有情),刁寿钧(cachediao),严修华(棋若有情),第10届腾讯围棋大赛个人赛预选赛A组,第8轮
2018-12-15,薛亦涵,张明星,薛亦涵,第5届腾讯围棋大赛个人赛现场赛,第1轮
2018-12-15,赵东易,薛亦涵,薛亦涵,第5届腾讯围棋大赛个人赛现场赛,第2轮
2018-12-15,薛亦涵,刘博东,薛亦涵,第5届腾讯围棋大赛个人赛现场赛,第3轮
2018-12-15,彭雄伟,薛亦涵,薛亦涵,第5届腾讯围棋大赛个人赛现场赛,第4轮
2018-12-15,薛亦涵,沈张毅,薛亦涵,第5届腾讯围棋大赛个人赛现场赛,第5轮
2018-12-15,罗大为,薛亦涵,薛亦涵,第5届腾讯围棋大赛个人赛现场赛,第6轮
2018-12-15,张思,张明星,张明星,第5届腾讯围棋大赛个人赛现场赛,第2轮
2018-12-15,张明星,赵东易,赵东易,第5届腾讯围棋大赛个人赛现场赛,第3轮
2018-12-15,陈泽友,张明星,陈泽友,第5届腾讯围棋大赛个人赛现场赛,第4轮
2018-12-15,张明星,朱磊,朱磊,第5届腾讯围棋大赛个人赛现场赛,第5轮
2018-12-15,洪志国,张明星,洪志国,第5届腾讯围棋大赛个人赛现场赛,第6轮
2018-12-15,赵东易,张思,赵东易,第5届腾讯围棋大赛个人赛现场赛,第1轮
2018-12-15,刘博东,赵东易,赵东易,第5届腾讯围棋大赛个人赛现场赛,第4轮
2018-12-15,赵东易,罗大为,赵东易,第5届腾讯围棋大赛个人赛现场赛,第5轮
2018-12-15,彭雄伟,赵东易,彭雄伟,第5届腾讯围棋大赛个人赛现场赛,第6轮
2018-12-15,张思,王早,王早,第5届腾讯围棋大赛个人赛现场赛,第3轮
2018-12-15,洪志国,张思,张思,第5届腾讯围棋大赛个人赛现场赛,第4轮
2018-12-15,张思,陈新星,张思,第5届腾讯围棋大赛个人赛现场赛,第5轮
2018-12-15,刘博东,张思,刘博东,第5届腾讯围棋大赛个人赛现场赛,第6轮
2018-12-15,刘博东,陈泽友,刘博东,第5届腾讯围棋大赛个人赛现场赛,第1轮
2018-12-15,沈张毅,刘博东,刘博东,第5届腾讯围棋大赛个人赛现场赛,第2轮
2018-12-15,刘博东,彭雄伟,彭雄伟,第5届腾讯围棋大赛个人赛现场赛,第5轮
2018-12-15,王早,陈泽友,陈泽友,第5届腾讯围棋大赛个人赛现场赛,第2轮
2018-12-15,陈泽友,沈张毅,沈张毅,第5届腾讯围棋大赛个人赛现场赛,第3轮
2018-12-15,陈泽友,丁阳,丁阳,第5届腾讯围棋大赛个人赛现场赛,第5轮
2018-12-15,周子祺,陈泽友,陈泽友,第5届腾讯围棋大赛个人赛现场赛,第6轮
2018-12-15,沈张毅,王早,沈张毅,第5届腾讯围棋大赛个人赛现场赛,第1轮
2018-12-15,丁阳,沈张毅,沈张毅,第5届腾讯围棋大赛个人赛现场赛,第4轮
2018-12-15,朱磊,沈张毅,沈张毅,第5届腾讯围棋大赛个人赛现场赛,第6轮
2018-12-15,卫然,王早,王早,第5届腾讯围棋大赛个人赛现场赛,第4轮
2018-12-15,王早,周子祺,王早,第5届腾讯围棋大赛个人赛现场赛,第5轮
2018-12-15,丁阳,王早,丁阳,第5届腾讯围棋大赛个人赛现场赛,第6轮
2018-12-15,丁阳,卫然,丁阳,第5届腾讯围棋大赛个人赛现场赛,第1轮
2018-12-15,周子祺,丁阳,丁阳,第5届腾讯围棋大赛个人赛现场赛,第2轮
2018-12-15,丁阳,彭雄伟,彭雄伟,第5届腾讯围棋大赛个人赛现场赛,第3轮
2018-12-15,朱磊,卫然,卫然,第5届腾讯围棋大赛个人赛现场赛,第2轮
2018-12-15,卫然,周子祺,周子祺,第5届腾讯围棋大赛个人赛现场赛,第3轮
2018-12-15,卫然,洪志国,,第5届腾讯围棋大赛个人赛现场赛,第5轮
2018-12-15,陈新星,卫然,卫然,第5届腾讯围棋大赛个人赛现场赛,第6轮
2018-12-15,周子祺,朱磊,周子祺,第5届腾讯围棋大赛个人赛现场赛,第1轮
2018-12-15,罗大为,周子祺,罗大为,第5届腾讯围棋大赛个人赛现场赛,第4轮
2018-12-15,朱磊,洪志国,朱磊,第5届腾讯围棋大赛个人赛现场赛,第3轮
2018-12-15,陈新星,朱磊,朱磊,第5届腾讯围棋大赛个人赛现场赛,第4轮
2018-12-15,罗大为,洪志国,罗大为,第5届腾讯围棋大赛个人赛现场赛,第1轮
2018-12-15,彭雄伟,罗大为,彭雄伟,第5届腾讯围棋大赛个人赛现场赛,第2轮
2018-12-15,罗大为,陈新星,罗大为,第5届腾讯围棋大赛个人赛现场赛,第3轮
2018-12-15,陈新星,洪志国,陈新星,第5届腾讯围棋大赛个人赛现场赛,第2轮
2018-12-15,彭雄伟,陈新星,彭雄伟,第5届腾讯围棋大赛个人赛现场赛,第1轮
2024-10-01,丁阳(伶仃洋),youngysu(youngy1997),丁阳(伶仃洋),第11届腾讯围棋大赛个人赛预选赛A组,第1轮
2024-10-01,张家齐(seidemi),王福臣(sai5go),张家齐(seidemi),第11届腾讯围棋大赛个人赛预选赛A组,第1轮
2024-10-01,朴乘志(南山豆瓣菜),叶子鹏(Tay1203),叶子鹏(Tay1203),第11届腾讯围棋大赛个人赛预选赛A组,第1轮
2024-10-01,卫然(randomness),闫书染(SRAN皮皮),闫书染(SRAN皮皮),第11届腾讯围棋大赛个人赛预选赛A组,第1轮
2024-10-01,周杨杰(翻墙),郑楷(djjcnfjfjj),,第11届腾讯围棋大赛个人赛预选赛A组,第1轮
2024-10-01,潘肇程(南蔷北笙),周子祺(fredlls),潘肇程(南蔷北笙),第11届腾讯围棋大赛个人赛预选赛A组,第1轮
2024-10-01,严修华(棋若有情),陈泽友(v211413371),陈泽友(v211413371),第11届腾讯围棋大赛个人赛预选赛A组,第1轮
2024-10-01,周淼(miozhou),罗大为(Dawid97879),周淼(miozhou),第11届腾讯围棋大赛个人赛预选赛A组,第1轮
2024-10-01,刁寿钧(cachediao),蒙锐(MMMrrr),刁寿钧(cachediao),第11届腾讯围棋大赛个人赛预选赛A组,第1轮
2024-10-01,陈翔(joshuaxchen),戴南(dainan2021),戴南(dainan2021),第11届腾讯围棋大赛个人赛预选赛A组,第1轮
2024-10-01,王早(王早),高一君(高一君),高一君(高一君),第11届腾讯围棋大赛个人赛预选赛A组,第1轮
2024-10-01,秦亦周(lvver),张刚毅(不下官子),秦亦周(lvver),第11届腾讯围棋大赛个人赛预选赛A组,第1轮
2024-10-01,陈新星(小一艺),朱磊(围棋新生s),陈新星(小一艺),第11届腾讯围棋大赛个人赛预选赛A组,第1轮
2024-10-01,陈愚夫(織水信夫),罗丹(roden665),,第11届腾讯围棋大赛个人赛预选赛A组,第1轮
2024-10-01,于川(睡着的鱼大),刘博东(cooogooo),刘博东(cooogooo),第11届腾讯围棋大赛个人赛预选赛A组,第1轮
2024-10-01,俞安彤(南窗寄傲00),金川杰(coolHead),俞安彤(南窗寄傲00),第11届腾讯围棋大赛个人赛预选赛A组,第1轮
2024-10-01,王昊(骆驼祥19),彭天佐(刀疤帮老五),彭天佐(刀疤帮老五),第11届腾讯围棋大赛个人赛预选赛A组,第1轮
2024-10-01,彭天佐(刀疤帮老五),俞安彤(南窗寄傲00),俞安彤(南窗寄傲00),第11届腾讯围棋大赛个人赛预选赛A组,第2轮
2024-10-01,丁阳(伶仃洋),闫书染(SRAN皮皮),闫书染(SRAN皮皮),第11届腾讯围棋大赛个人赛预选赛A组,第2轮
2024-10-01,潘肇程(南蔷北笙),陈新星(小一艺),潘肇程(南蔷北笙),第11届腾讯围棋大赛个人赛预选赛A组,第2轮
2024-10-01,刘博东(cooogooo),刁寿钧(cachediao),刘博东(cooogooo),第11届腾讯围棋大赛个人赛预选赛A组,第2轮
2024-10-01,陈泽友(v211413371),周杨杰(翻墙),周杨杰(翻墙),第11届腾讯围棋大赛个人赛预选赛A组,第2轮
2024-10-01,高一君(高一君),周淼(miozhou),高一君(高一君),第11届腾讯围棋大赛个人赛预选赛A组,第2轮
2024-10-01,叶子鹏(Tay1203),戴南(dainan2021),戴南(dainan2021),第11届腾讯围棋大赛个人赛预选赛A组,第2轮
2024-10-01,秦亦周(lvver),张家齐(seidemi),张家齐(seidemi),第11届腾讯围棋大赛个人赛预选赛A组,第2轮
2024-10-01,周子祺(fredlls),陈愚夫(織水信夫),周子祺(fredlls),第11届腾讯围棋大赛个人赛预选赛A组,第2轮
2024-10-01,卫然(randomness),罗大为(Dawid97879),罗大为(Dawid97879),第11届腾讯围棋大赛个人赛预选赛A组,第2轮
2024-10-01,张刚毅(不下官子),金川杰(coolHead),张刚毅(不下官子),第11届腾讯围棋大赛个人赛预选赛A组,第2轮
2024-10-01,朴乘志(南山豆瓣菜),罗丹(roden665),,第11届腾讯围棋大赛个人赛预选赛A组,第2轮
2024-10-01,朱磊(围棋新生s),于川(睡着的鱼大),朱磊(围棋新生s),第11届腾讯围棋大赛个人赛预选赛A组,第2轮
2024-10-01,王福臣(sai5go),王昊(骆驼祥19),王昊(骆驼祥19),第11届腾讯围棋大赛个人赛预选赛A组,第2轮
2024-10-01,蒙锐(MMMrrr),王早(王早),王早(王早),第11届腾讯围棋大赛个人赛预选赛A组,第2轮
2024-10-01,严修华(棋若有情),youngysu(youngy1997),youngysu(youngy1997),第11届腾讯围棋大赛个人赛预选赛A组,第2轮
2024-10-01,陈翔(joshuaxchen),郑楷(djjcnfjfjj),陈翔(joshuaxchen),第11届腾讯围棋大赛个人赛预选赛A组,第2轮
2024-10-01,高一君(高一君),刘博东(cooogooo),刘博东(cooogooo),第11届腾讯围棋大赛个人赛预选赛A组,第3轮
2024-10-01,张家齐(seidemi),俞安彤(南窗寄傲00),俞安彤(南窗寄傲00),第11届腾讯围棋大赛个人赛预选赛A组,第3轮
2024-10-01,周杨杰(翻墙),戴南(dainan2021),周杨杰(翻墙),第11届腾讯围棋大赛个人赛预选赛A组,第3轮
2024-10-01,朴乘志(南山豆瓣菜),潘肇程(南蔷北笙),潘肇程(南蔷北笙),第11届腾讯围棋大赛个人赛预选赛A组,第3轮
2024-10-01,张刚毅(不下官子),彭天佐(刀疤帮老五),彭天佐(刀疤帮老五),第11届腾讯围棋大赛个人赛预选赛A组,第3轮
2024-10-01,陈愚夫(織水信夫),陈泽友(v211413371),陈愚夫(織水信夫),第11届腾讯围棋大赛个人赛预选赛A组,第3轮
2024-10-01,周子祺(fredlls),朱磊(围棋新生s),朱磊(围棋新生s),第11届腾讯围棋大赛个人赛预选赛A组,第3轮
2024-10-01,陈新星(小一艺),陈翔(joshuaxchen),陈新星(小一艺),第11届腾讯围棋大赛个人赛预选赛A组,第3轮
2024-10-01,王昊(骆驼祥19),周淼(miozhou),周淼(miozhou),第11届腾讯围棋大赛个人赛预选赛A组,第3轮
2024-10-01,叶子鹏(Tay1203),罗大为(Dawid97879),罗大为(Dawid97879),第11届腾讯围棋大赛个人赛预选赛A组,第3轮
2024-10-01,王早(王早),刁寿钧(cachediao),王早(王早),第11届腾讯围棋大赛个人赛预选赛A组,第3轮
2024-10-01,丁阳(伶仃洋),秦亦周(lvver),丁阳(伶仃洋),第11届腾讯围棋大赛个人赛预选赛A组,第3轮
2024-10-01,郑楷(djjcnfjfjj),youngysu(youngy1997),郑楷(djjcnfjfjj),第11届腾讯围棋大赛个人赛预选赛A组,第3轮
2024-10-01,严修华(棋若有情),王福臣(sai5go),王福臣(sai5go),第11届腾讯围棋大赛个人赛预选赛A组,第3轮
2024-10-01,卫然(randomness),于川(睡着的鱼大),卫然(randomness),第11届腾讯围棋大赛个人赛预选赛A组,第3轮
2024-10-01,蒙锐(MMMrrr),金川杰(coolHead),蒙锐(MMMrrr),第11届腾讯围棋大赛个人赛预选赛A组,第3轮
2024-10-01,俞安彤(南窗寄傲00),刘博东(cooogooo),刘博东(cooogooo),第11届腾讯围棋大赛个人赛预选赛A组,第4轮
2024-10-01,潘肇程(南蔷北笙),周杨杰(翻墙),潘肇程(南蔷北笙),第11届腾讯围棋大赛个人赛预选赛A组,第4轮
2024-10-01,罗大为(Dawid97879),陈愚夫(織水信夫),罗大为(Dawid97879),第11届腾讯围棋大赛个人赛预选赛A组,第4轮
2024-10-01,丁阳(伶仃洋),彭天佐(刀疤帮老五),彭天佐(刀疤帮老五),第11届腾讯围棋大赛个人赛预选赛A组,第4轮
2024-10-01,王早(王早),陈新星(小一艺),陈新星(小一艺),第11届腾讯围棋大赛个人赛预选赛A组,第4轮
2024-10-01,朱磊(围棋新生s),周淼(miozhou),周淼(miozhou),第11届腾讯围棋大赛个人赛预选赛A组,第4轮
2024-10-01,高一君(高一君),张家齐(seidemi),高一君(高一君),第11届腾讯围棋大赛个人赛预选赛A组,第4轮
2024-10-01,戴南(dainan2021),刁寿钧(cachediao),戴南(dainan2021),第11届腾讯围棋大赛个人赛预选赛A组,第4轮
2024-10-01,陈翔(joshuaxchen),朴乘志(南山豆瓣菜),朴乘志(南山豆瓣菜),第11届腾讯围棋大赛个人赛预选赛A组,第4轮
2024-10-01,卫然(randomness),秦亦周(lvver),卫然(randomness),第11届腾讯围棋大赛个人赛预选赛A组,第4轮
2024-10-01,陈泽友(v211413371),王昊(骆驼祥19),陈泽友(v211413371),第11届腾讯围棋大赛个人赛预选赛A组,第4轮
2024-10-01,youngysu(youngy1997),叶子鹏(Tay1203),叶子鹏(Tay1203),第11届腾讯围棋大赛个人赛预选赛A组,第4轮
2024-10-01,郑楷(djjcnfjfjj),蒙锐(MMMrrr),郑楷(djjcnfjfjj),第11届腾讯围棋大赛个人赛预选赛A组,第4轮
2024-10-01,张刚毅(不下官子),王福臣(sai5go),张刚毅(不下官子),第11届腾讯围棋大赛个人赛预选赛A组,第4轮
2024-10-01,周子祺(fredlls),于川(睡着的鱼大),周子祺(fredlls),第11届腾讯围棋大赛个人赛预选赛A组,第4轮
2024-10-01,金川杰(coolHead),严修华(棋若有情),金川杰(coolHead),第11届腾讯围棋大赛个人赛预选赛A组,第4轮
2024-10-01,刘博东(cooogooo),潘肇程(南蔷北笙),潘肇程(南蔷北笙),第11届腾讯围棋大赛个人赛预选赛A组,第5轮
2024-10-01,高一君(高一君),俞安彤(南窗寄傲00),俞安彤(南窗寄傲00),第11届腾讯围棋大赛个人赛预选赛A组,第5轮
2024-10-01,陈新星(小一艺),周杨杰(翻墙),陈新星(小一艺),第11届腾讯围棋大赛个人赛预选赛A组,第5轮
2024-10-01,周淼(miozhou),戴南(dainan2021),周淼(miozhou),第11届腾讯围棋大赛个人赛预选赛A组,第5轮
2024-10-01,彭天佐(刀疤帮老五),罗大为(Dawid97879),彭天佐(刀疤帮老五),第11届腾讯围棋大赛个人赛预选赛A组,第5轮
2024-10-01,朱磊(围棋新生s),卫然(randomness),朱磊(围棋新生s),第11届腾讯围棋大赛个人赛预选赛A组,第5轮
2024-10-01,陈愚夫(織水信夫),朴乘志(南山豆瓣菜),陈愚夫(織水信夫),第11届腾讯围棋大赛个人赛预选赛A组,第5轮
2024-10-01,张刚毅(不下官子),郑楷(djjcnfjfjj),张刚毅(不下官子),第11届腾讯围棋大赛个人赛预选赛A组,第5轮
2024-10-01,叶子鹏(Tay1203),张家齐(seidemi),张家齐(seidemi),第11届腾讯围棋大赛个人赛预选赛A组,第5轮
2024-10-01,王早(王早),周子祺(fredlls),王早(王早),第11届腾讯围棋大赛个人赛预选赛A组,第5轮
2024-10-01,丁阳(伶仃洋),陈泽友(v211413371),陈泽友(v211413371),第11届腾讯围棋大赛个人赛预选赛A组,第5轮
2024-10-01,王昊(骆驼祥19),刁寿钧(cachediao),王昊(骆驼祥19),第11届腾讯围棋大赛个人赛预选赛A组,第5轮
2024-10-01,youngysu(youngy1997),蒙锐(MMMrrr),youngysu(youngy1997),第11届腾讯围棋大赛个人赛预选赛A组,第5轮
2024-10-01,陈翔(joshuaxchen),金川杰(coolHead),陈翔(joshuaxchen),第11届腾讯围棋大赛个人赛预选赛A组,第5轮
2024-10-01,王福臣(sai5go),秦亦周(lvver),,第11届腾讯围棋大赛个人赛预选赛A组,第5轮
2024-10-01,于川(睡着的鱼大),严修华(棋若有情),严修华(棋若有情),第11届腾讯围棋大赛个人赛预选赛A组,第5轮
2024-10-01,潘肇程(南蔷北笙),彭天佐(刀疤帮老五),彭天佐(刀疤帮老五),第11届腾讯围棋大赛个人赛预选赛A组,第6轮
2024-10-01,俞安彤(南窗寄傲00),陈新星(小一艺),俞安彤(南窗寄傲00),第11届腾讯围棋大赛个人赛预选赛A组,第6轮
2024-10-01,周淼(miozhou),刘博东(cooogooo),刘博东(cooogooo),第11届腾讯围棋大赛个人赛预选赛A组,第6轮
2024-10-01,周杨杰(翻墙),陈愚夫(織水信夫),周杨杰(翻墙),第11届腾讯围棋大赛个人赛预选赛A组,第6轮
2024-10-01,张刚毅(不下官子),张家齐(seidemi),张刚毅(不下官子),第11届腾讯围棋大赛个人赛预选赛A组,第6轮
2024-10-01,陈泽友(v211413371),王早(王早),王早(王早),第11届腾讯围棋大赛个人赛预选赛A组,第6轮
2024-10-01,罗大为(Dawid97879),高一君(高一君),罗大为(Dawid97879),第11届腾讯围棋大赛个人赛预选赛A组,第6轮
2024-10-01,戴南(dainan2021),朱磊(围棋新生s),朱磊(围棋新生s),第11届腾讯围棋大赛个人赛预选赛A组,第6轮
2024-10-01,丁阳(伶仃洋),朴乘志(南山豆瓣菜),丁阳(伶仃洋),第11届腾讯围棋大赛个人赛预选赛A组,第6轮
2024-10-01,卫然(randomness),陈翔(joshuaxchen),卫然(randomness),第11届腾讯围棋大赛个人赛预选赛A组,第6轮
2024-10-01,youngysu(youngy1997),周子祺(fredlls),周子祺(fredlls),第11届腾讯围棋大赛个人赛预选赛A组,第6轮
2024-10-01,王昊(骆驼祥19),叶子鹏(Tay1203),王昊(骆驼祥19),第11届腾讯围棋大赛个人赛预选赛A组,第6轮
2024-10-01,郑楷(djjcnfjfjj),王福臣(sai5go),郑楷(djjcnfjfjj),第11届腾讯围棋大赛个人赛预选赛A组,第6轮
2024-10-01,刁寿钧(cachediao),严修华(棋若有情),严修华(棋若有情),第11届腾讯围棋大赛个人赛预选赛A组,第6轮
2024-10-01,金川杰(coolHead),秦亦周(lvver),,第11届腾讯围棋大赛个人赛预选赛A组,第6轮
2024-10-01,蒙锐(MMMrrr),于川(睡着的鱼大),于川(睡着的鱼大),第11届腾讯围棋大赛个人赛预选赛A组,第6轮
2024-10-01,彭天佐(刀疤帮老五),刘博东(cooogooo),刘博东(cooogooo),第11届腾讯围棋大赛个人赛预选赛A组,第7轮
2024-10-01,俞安彤(南窗寄傲00),潘肇程(南蔷北笙),俞安彤(南窗寄傲00),第11届腾讯围棋大赛个人赛预选赛A组,第7轮
2024-10-01,张刚毅(不下官子),陈新星(小一艺),张刚毅(不下官子),第11届腾讯围棋大赛个人赛预选赛A组,第7轮
2024-10-01,王早(王早),朱磊(围棋新生s),王早(王早),第11届腾讯围棋大赛个人赛预选赛A组,第7轮
2024-10-01,周杨杰(翻墙),罗大为(Dawid97879),周杨杰(翻墙),第11届腾讯围棋大赛个人赛预选赛A组,第7轮
2024-10-01,张家齐(seidemi),周淼(miozhou),周淼(miozhou),第11届腾讯围棋大赛个人赛预选赛A组,第7轮
2024-10-01,陈愚夫(織水信夫),王昊(骆驼祥19),陈愚夫(織水信夫),第11届腾讯围棋大赛个人赛预选赛A组,第7轮
2024-10-01,卫然(randomness),郑楷(djjcnfjfjj),郑楷(djjcnfjfjj),第11届腾讯围棋大赛个人赛预选赛A组,第7轮
2024-10-01,丁阳(伶仃洋),戴南(dainan2021),戴南(dainan2021),第11届腾讯围棋大赛个人赛预选赛A组,第7轮
2024-10-01,高一君(高一君),周子祺(fredlls),高一君(高一君),第11届腾讯围棋大赛个人赛预选赛A组,第7轮
2024-10-01,叶子鹏(Tay1203),陈泽友(v211413371),陈泽友(v211413371),第11届腾讯围棋大赛个人赛预选赛A组,第7轮
2024-10-01,朴乘志(南山豆瓣菜),严修华(棋若有情),严修华(棋若有情),第11届腾讯围棋大赛个人赛预选赛A组,第7轮
2024-10-01,金川杰(coolHead),youngysu(youngy1997),youngysu(youngy1997),第11届腾讯围棋大赛个人赛预选赛A组,第7轮
2024-10-01,陈翔(joshuaxchen),王福臣(sai5go),陈翔(joshuaxchen),第11届腾讯围棋大赛个人赛预选赛A组,第7轮
2024-10-01,于川(睡着的鱼大),刁寿钧(cachediao),刁寿钧(cachediao),第11届腾讯围棋大赛个人赛预选赛A组,第7轮
2024-10-01,刘博东(cooogooo),周杨杰(翻墙),刘博东(cooogooo),第11届腾讯围棋大赛个人赛预选赛A组,第8轮
2024-10-01,俞安彤(南窗寄傲00),王早(王早),俞安彤(南窗寄傲00),第11届腾讯围棋大赛个人赛预选赛A组,第8轮
2024-10-01,周淼(miozhou),彭天佐(刀疤帮老五),彭天佐(刀疤帮老五),第11届腾讯围棋大赛个人赛预选赛A组,第8轮
2024-10-01,潘肇程(南蔷北笙),张刚毅(不下官子),潘肇程(南蔷北笙),第11届腾讯围棋大赛个人赛预选赛A组,第8轮
2024-10-01,陈愚夫(織水信夫),郑楷(djjcnfjfjj),郑楷(djjcnfjfjj),第11届腾讯围棋大赛个人赛预选赛A组,第8轮
2024-10-01,戴南(dainan2021),陈新星(小一艺),陈新星(小一艺),第11届腾讯围棋大赛个人赛预选赛A组,第8轮
2024-10-01,陈泽友(v211413371),高一君(高一君),高一君(高一君),第11届腾讯围棋大赛个人赛预选赛A组,第8轮
2024-10-01,罗大为(Dawid97879),朱磊(围棋新生s),罗大为(Dawid97879),第11届腾讯围棋大赛个人赛预选赛A组,第8轮
2024-10-01,丁阳(伶仃洋),陈翔(joshuaxchen),丁阳(伶仃洋),第11届腾讯围棋大赛个人赛预选赛A组,第8轮
2024-10-01,卫然(randomness),张家齐(seidemi),卫然(randomness),第11届腾讯围棋大赛个人赛预选赛A组,第8轮
2024-10-01,youngysu(youngy1997),王昊(骆驼祥19),王昊(骆驼祥19),第11届腾讯围棋大赛个人赛预选赛A组,第8轮
2024-10-01,周子祺(fredlls),严修华(棋若有情),周子祺(fredlls),第11届腾讯围棋大赛个人赛预选赛A组,第8轮
2024-10-01,刁寿钧(cachediao),朴乘志(南山豆瓣菜),朴乘志(南山豆瓣菜),第11届腾讯围棋大赛个人赛预选赛A组,第8轮
2024-10-01,叶子鹏(Tay1203),金川杰(coolHead),叶子鹏(Tay1203),第11届腾讯围棋大赛个人赛预选赛A组,第8轮
2024-10-01,蒙锐(MMMrrr),王福臣(sai5go),王福臣(sai5go),第11届腾讯围棋大赛个人赛预选赛A组,第8轮
2017-12-15,王早,卫然,王早,第4届腾讯围棋大赛个人赛现场赛,第1轮
2017-12-15,沈张毅,王早,沈张毅,第4届腾讯围棋大赛个人赛现场赛,第2轮
2017-12-15,王早,丁阳,王早,第4届腾讯围棋大赛个人赛现场赛,第3轮
2017-12-15,章恒,王早,章恒,第4届腾讯围棋大赛个人赛现场赛,第4轮
2017-12-15,陈新星,卫然,卫然,第4届腾讯围棋大赛个人赛现场赛,第2轮
2017-12-15,卫然,李飞,卫然,第4届腾讯围棋大赛个人赛现场赛,第3轮
2017-12-15,刘博东,卫然,刘博东,第4届腾讯围棋大赛个人赛现场赛,第4轮
2017-12-15,沈张毅,陈新星,沈张毅,第4届腾讯围棋大赛个人赛现场赛,第1轮
2017-12-15,沈张毅,章恒,沈张毅,第4届腾讯围棋大赛个人赛现场赛,第3轮
2017-12-15,赵东易,沈张毅,沈张毅,第4届腾讯围棋大赛个人赛现场赛,第4轮
2017-12-15,陈新星,庞敏,陈新星,第4届腾讯围棋大赛个人赛现场赛,第3轮
2017-12-15,丁阳,陈新星,陈新星,第4届腾讯围棋大赛个人赛现场赛,第4轮
2017-12-15,丁阳,李飞,丁阳,第4届腾讯围棋大赛个人赛现场赛,第1轮
2017-12-15,章恒,丁阳,章恒,第4届腾讯围棋大赛个人赛现场赛,第2轮
2017-12-15,庞敏,李飞,李飞,第4届腾讯围棋大赛个人赛现场赛,第2轮
2017-12-15,洪志国,李飞,洪志国,第4届腾讯围棋大赛个人赛现场赛,第4轮
2017-12-15,章恒,庞敏,章恒,第4届腾讯围棋大赛个人赛现场赛,第1轮
2017-12-15,邓月堂,庞敏,庞敏,第4届腾讯围棋大赛个人赛现场赛,第4轮
2017-12-15,刘博东,洪志国,刘博东,第4届腾讯围棋大赛个人赛现场赛,第1轮
2017-12-15,丁凡,刘博东,刘博东,第4届腾讯围棋大赛个人赛现场赛,第2轮
2017-12-15,刘博东,赵东易,赵东易,第4届腾讯围棋大赛个人赛现场赛,第3轮
2017-12-15,吴树根,洪志国,吴树根,第4届腾讯围棋大赛个人赛现场赛,第2轮
2017-12-15,洪志国,邓月堂,洪志国,第4届腾讯围棋大赛个人赛现场赛,第3轮
2017-12-15,丁凡,吴树根,丁凡,第4届腾讯围棋大赛个人赛现场赛,第1轮
2017-12-15,丁凡,彭雄伟,彭雄伟,第4届腾讯围棋大赛个人赛现场赛,第3轮
2017-12-15,邢惟睿,丁凡,邢惟睿,第4届腾讯围棋大赛个人赛现场赛,第4轮
2017-12-15,吴树根,邢惟睿,吴树根,第4届腾讯围棋大赛个人赛现场赛,第3轮
2017-12-15,彭雄伟,吴树根,彭雄伟,第4届腾讯围棋大赛个人赛现场赛,第4轮
2017-12-15,彭雄伟,邢惟睿,彭雄伟,第4届腾讯围棋大赛个人赛现场赛,第1轮
2017-12-15,赵东易,彭雄伟,赵东易,第4届腾讯围棋大赛个人赛现场赛,第2轮
2017-12-15,邓月堂,邢惟睿,邢惟睿,第4届腾讯围棋大赛个人赛现场赛,第2轮
2017-12-15,赵东易,邓月堂,赵东易,第4届腾讯围棋大赛个人赛现场赛,第1轮
2025-11-14,朱磊,李火荣,朱磊,第12届腾讯围棋大赛个人赛现场赛,第1轮
2025-11-14,苏洋,朱磊,朱磊,第12届腾讯围棋大赛个人赛现场赛,第2轮
2025-11-14,朱磊,戴南,朱磊,第12届腾讯围棋大赛个人赛现场赛,第3轮
2025-11-14,刘博东,朱磊,刘博东,第12届腾讯围棋大赛个人赛现场赛,第4轮
2025-11-14,朱磊,俞安彤,俞安彤,第12届腾讯围棋大赛个人赛现场赛,第5轮
2025-11-14,蔡江东,朱磊,朱磊,第12届腾讯围棋大赛个人赛现场赛,第6轮
2025-11-14,蔡江东,李火荣,蔡江东,第12届腾讯围棋大赛个人赛现场赛,第2轮
2025-11-14,李火荣,王行健,王行健,第12届腾讯围棋大赛个人赛现场赛,第3轮
2025-11-14,郑楷,李火荣,郑楷,第12届腾讯围棋大赛个人赛现场赛,第4轮
2025-11-14,李火荣,李春朔,李火荣,第12届腾讯围棋大赛个人赛现场赛,第5轮
2025-11-14,苏洋,李火荣,李火荣,第12届腾讯围棋大赛个人赛现场赛,第6轮
2025-11-14,肖越,蔡江东,肖越,第12届腾讯围棋大赛个人赛现场赛,第1轮
2025-11-14,戴南,肖越,戴南,第12届腾讯围棋大赛个人赛现场赛,第2轮
2025-11-14,肖越,刘博东,刘博东,第12届腾讯围棋大赛个人赛现场赛,第3轮
2025-11-14,曹易伦,肖越,曹易伦,第12届腾讯围棋大赛个人赛现场赛,第4轮
2025-11-14,肖越,郑楷,肖越,第12届腾讯围棋大赛个人赛现场赛,第5轮
2025-11-14,王周源,肖越,肖越,第12届腾讯围棋大赛个人赛现场赛,第6轮
2025-11-14,蔡江东,洪时豪,洪时豪,第12届腾讯围棋大赛个人赛现场赛,第3轮
2025-11-14,李春朔,蔡江东,蔡江东,第12届腾讯围棋大赛个人赛现场赛,第4轮
2025-11-14,蔡江东,曹易伦,蔡江东,第12届腾讯围棋大赛个人赛现场赛,第5轮
2025-11-14,戴南,洪时豪,戴南,第12届腾讯围棋大赛个人赛现场赛,第1轮
2025-11-14,叶子鹏,戴南,戴南,第12届腾讯围棋大赛个人赛现场赛,第4轮
2025-11-14,戴南,王行健,王行健,第12届腾讯围棋大赛个人赛现场赛,第5轮
2025-11-14,潘肇程,戴南,潘肇程,第12届腾讯围棋大赛个人赛现场赛,第6轮
2025-11-14,曹易伦,洪时豪,洪时豪,第12届腾讯围棋大赛个人赛现场赛,第2轮
2025-11-14,俞安彤,洪时豪,俞安彤,第12届腾讯围棋大赛个人赛现场赛,第4轮
2025-11-14,洪时豪,潘肇程,潘肇程,第12届腾讯围棋大赛个人赛现场赛,第5轮
2025-11-14,叶子鹏,洪时豪,洪时豪,第12届腾讯围棋大赛个人赛现场赛,第6轮
2025-11-14,俞安彤,曹易伦,俞安彤,第12届腾讯围棋大赛个人赛现场赛,第1轮
2025-11-14,陈愚夫,俞安彤,俞安彤,第12届腾讯围棋大赛个人赛现场赛,第2轮
2025-11-14,俞安彤,彭天佐,彭天佐,第12届腾讯围棋大赛个人赛现场赛,第3轮
2025-11-14,刘博东,俞安彤,俞安彤,第12届腾讯围棋大赛个人赛现场赛,第6轮
2025-11-14,曹易伦,郑楷,曹易伦,第12届腾讯围棋大赛个人赛现场赛,第3轮
2025-11-14,陈愚夫,曹易伦,陈愚夫,第12届腾讯围棋大赛个人赛现场赛,第6轮
2025-11-14,陈愚夫,郑楷,陈愚夫,第12届腾讯围棋大赛个人赛现场赛,第1轮
2025-11-14,陈愚夫,潘肇程,潘肇程,第12届腾讯围棋大赛个人赛现场赛,第3轮
2025-11-14,苏洋,陈愚夫,陈愚夫,第12届腾讯围棋大赛个人赛现场赛,第4轮
2025-11-14,陈愚夫,王周源,陈愚夫,第12届腾讯围棋大赛个人赛现场赛,第5轮
2025-11-14,王周源,郑楷,王周源,第12届腾讯围棋大赛个人赛现场赛,第2轮
2025-11-14,李春朔,郑楷,郑楷,第12届腾讯围棋大赛个人赛现场赛,第6轮
2025-11-14,潘肇程,王周源,潘肇程,第12届腾讯围棋大赛个人赛现场赛,第1轮
2025-11-14,彭天佐,潘肇程,彭天佐,第12届腾讯围棋大赛个人赛现场赛,第2轮
2025-11-14,王行健,潘肇程,王行健,第12届腾讯围棋大赛个人赛现场赛,第4轮
2025-11-14,王周源,叶子鹏,王周源,第12届腾讯围棋大赛个人赛现场赛,第3轮
2025-11-14,彭天佐,王周源,彭天佐,第12届腾讯围棋大赛个人赛现场赛,第4轮
2025-11-14,彭天佐,叶子鹏,彭天佐,第12届腾讯围棋大赛个人赛现场赛,第1轮
2025-11-14,彭天佐,刘博东,彭天佐,第12届腾讯围棋大赛个人赛现场赛,第5轮
2025-11-14,王行健,彭天佐,,第12届腾讯围棋大赛个人赛现场赛,第6轮
2025-11-14,李春朔,叶子鹏,叶子鹏,第12届腾讯围棋大赛个人赛现场赛,第2轮
2025-11-14,叶子鹏,苏洋,叶子鹏,第12届腾讯围棋大赛个人赛现场赛,第5轮
2025-11-14,王行健,李春朔,王行健,第12届腾讯围棋大赛个人赛现场赛,第1轮
2025-11-14,刘博东,王行健,刘博东,第12届腾讯围棋大赛个人赛现场赛,第2轮
2025-11-14,李春朔,苏洋,苏洋,第12届腾讯围棋大赛个人赛现场赛,第3轮
2025-11-14,刘博东,苏洋,刘博东,第12届腾讯围棋大赛个人赛现场赛,第1轮
2022-12-15,曾跃天,刘馨忆,曾跃天,第9届腾讯围棋大赛个人赛现场赛,第1轮
2022-12-15,朱磊,曾跃天,曾跃天,第9届腾讯围棋大赛个人赛现场赛,第2轮
2022-12-15,曾跃天,沈希阳,曾跃天,第9届腾讯围棋大赛个人赛现场赛,第3轮
2022-12-15,刘博东,曾跃天,刘博东,第9届腾讯围棋大赛个人赛现场赛,第4轮
2022-12-15,曾跃天,陈愚夫,曾跃天,第9届腾讯围棋大赛个人赛现场赛,第5轮
2022-12-15,李林,曾跃天,曾跃天,第9届腾讯围棋大赛个人赛现场赛,第6轮
2022-12-15,肖越,刘馨忆,肖越,第9届腾讯围棋大赛个人赛现场赛,第2轮
2022-12-15,刘馨忆,高一君,,第9届腾讯围棋大赛个人赛现场赛,第3轮
2022-12-15,王早,刘馨忆,王早,第9届腾讯围棋大赛个人赛现场赛,第4轮
2022-12-15,刘馨忆,陈泽友,陈泽友,第9届腾讯围棋大赛个人赛现场赛,第5轮
2022-12-15,金川杰,刘馨忆,刘馨忆,第9届腾讯围棋大赛个人赛现场赛,第6轮
2022-12-15,沈希阳,肖越,沈希阳,第9届腾讯围棋大赛个人赛现场赛,第1轮
2022-12-15,徐绍深,沈希阳,沈希阳,第9届腾讯围棋大赛个人赛现场赛,第2轮
2022-12-15,陈泽友,沈希阳,沈希阳,第9届腾讯围棋大赛个人赛现场赛,第4轮
2022-12-15,沈希阳,李林,李林,第9届腾讯围棋大赛个人赛现场赛,第5轮
2022-12-15,刘实,沈希阳,刘实,第9届腾讯围棋大赛个人赛现场赛,第6轮
2022-12-15,肖越,刘实,,第9届腾讯围棋大赛个人赛现场赛,第3轮
2022-12-15,徐绍深,肖越,徐绍深,第9届腾讯围棋大赛个人赛现场赛,第4轮
2022-12-15,肖越,丁阳,肖越,第9届腾讯围棋大赛个人赛现场赛,第5轮
2022-12-15,高一君,肖越,高一君,第9届腾讯围棋大赛个人赛现场赛,第6轮
2022-12-15,徐绍深,陈新星,徐绍深,第9届腾讯围棋大赛个人赛现场赛,第1轮
2022-12-15,徐绍深,丁阳,徐绍深,第9届腾讯围棋大赛个人赛现场赛,第3轮
2022-12-15,徐绍深,刘博东,刘博东,第9届腾讯围棋大赛个人赛现场赛,第5轮
2022-12-15,丁阳,陈新星,丁阳,第9届腾讯围棋大赛个人赛现场赛,第2轮
2022-12-15,陈新星,金川杰,金川杰,第9届腾讯围棋大赛个人赛现场赛,第3轮
2022-12-15,朱磊,陈新星,朱磊,第9届腾讯围棋大赛个人赛现场赛,第4轮
2022-12-15,陈新星,朴乘志,朴乘志,第9届腾讯围棋大赛个人赛现场赛,第5轮
2022-12-15,丁阳,郭启嘉,郭启嘉,第9届腾讯围棋大赛个人赛现场赛,第1轮
2022-12-15,金川杰,丁阳,丁阳,第9届腾讯围棋大赛个人赛现场赛,第4轮
2022-12-15,王早,丁阳,丁阳,第9届腾讯围棋大赛个人赛现场赛,第6轮
2022-12-15,刘博东,郭启嘉,刘博东,第9届腾讯围棋大赛个人赛现场赛,第2轮
2022-12-15,郭启嘉,王早,郭启嘉,第9届腾讯围棋大赛个人赛现场赛,第3轮
2022-12-15,陈愚夫,郭启嘉,陈愚夫,第9届腾讯围棋大赛个人赛现场赛,第4轮
2022-12-15,郭启嘉,刘实,刘实,第9届腾讯围棋大赛个人赛现场赛,第5轮
2022-12-15,陈泽友,郭启嘉,郭启嘉,第9届腾讯围棋大赛个人赛现场赛,第6轮
2022-12-15,刘博东,王早,刘博东,第9届腾讯围棋大赛个人赛现场赛,第1轮
2022-12-15,刘博东,李林,刘博东,第9届腾讯围棋大赛个人赛现场赛,第3轮
2022-12-15,陈愚夫,刘博东,刘博东,第9届腾讯围棋大赛个人赛现场赛,第6轮
2022-12-15,金川杰,王早,王早,第9届腾讯围棋大赛个人赛现场赛,第2轮
2022-12-15,王早,高一君,高一君,第9届腾讯围棋大赛个人赛现场赛,第5轮
2022-12-15,陈愚夫,金川杰,陈愚夫,第9届腾讯围棋大赛个人赛现场赛,第1轮
2022-12-15,李林,陈愚夫,李林,第9届腾讯围棋大赛个人赛现场赛,第2轮
2022-12-15,陈愚夫,朴乘志,陈愚夫,第9届腾讯围棋大赛个人赛现场赛,第3轮
2022-12-15,金川杰,朱磊,朱磊,第9届腾讯围棋大赛个人赛现场赛,第5轮
2022-12-15,李林,朴乘志,李林,第9届腾讯围棋大赛个人赛现场赛,第1轮
2022-12-15,刘实,李林,李林,第9届腾讯围棋大赛个人赛现场赛,第4轮
2022-12-15,陈泽友,朴乘志,朴乘志,第9届腾讯围棋大赛个人赛现场赛,第2轮
2022-12-15,高一君,朴乘志,高一君,第9届腾讯围棋大赛个人赛现场赛,第4轮
2022-12-15,朱磊,朴乘志,朱磊,第9届腾讯围棋大赛个人赛现场赛,第6轮
2022-12-15,陈泽友,刘实,刘实,第9届腾讯围棋大赛个人赛现场赛,第1轮
2022-12-15,陈泽友,朱磊,陈泽友,第9届腾讯围棋大赛个人赛现场赛,第3轮
2022-12-15,高一君,刘实,刘实,第9届腾讯围棋大赛个人赛现场赛,第2轮
2022-12-15,高一君,朱磊,高一君,第9届腾讯围棋大赛个人赛现场赛,第1轮
2016-12-15,TEG-henryhzhang（章恒）,MIG-devincheng（程飞虎）,TEG-henryhzhang（章恒）,第3届腾讯围棋大赛个人赛现场赛,第1轮
2016-12-15,MIG-jingleliu（刘博东）,TEG-henryhzhang（章恒）,MIG-jingleliu（刘博东）,第3届腾讯围棋大赛个人赛现场赛,第2轮
2016-12-15,TEG-henryhzhang（章恒）,TEG-walkerzwang（王早）,TEG-henryhzhang（章恒）,第3届腾讯围棋大赛个人赛现场赛,第3轮
2016-12-15,IEG-sandyzhu（朱磊）,TEG-henryhzhang（章恒）,TEG-henryhzhang（章恒）,第3届腾讯围棋大赛个人赛现场赛,第4轮
2016-12-15,TEG-walkerzwang（王早）,MIG-devincheng（程飞虎）,TEG-walkerzwang（王早）,第3届腾讯围棋大赛个人赛现场赛,第2轮
2016-12-15,MIG-devincheng（程飞虎）,IEG-markyang（杨建北）,IEG-markyang（杨建北）,第3届腾讯围棋大赛个人赛现场赛,第3轮
2016-12-15,IEG-symoncheng（陈昇）,MIG-devincheng（程飞虎）,IEG-symoncheng（陈昇）,第3届腾讯围棋大赛个人赛现场赛,第4轮
2016-12-15,MIG-jingleliu（刘博东）,TEG-walkerzwang（王早）,MIG-jingleliu（刘博东）,第3届腾讯围棋大赛个人赛现场赛,第1轮
2016-12-15,MIG-jingleliu（刘博东）,S1-fredzqzhou（周子祺）,MIG-jingleliu（刘博东）,第3届腾讯围棋大赛个人赛现场赛,第3轮
2016-12-15,MIG-parry（彭雄伟）,MIG-jingleliu（刘博东）,MIG-parry（彭雄伟）,第3届腾讯围棋大赛个人赛现场赛,第4轮
2016-12-15,IEG-markyang（杨建北）,TEG-walkerzwang（王早）,TEG-walkerzwang（王早）,第3届腾讯围棋大赛个人赛现场赛,第4轮
2016-12-15,IEG-sandyzhu（朱磊）,IEG-markyang（杨建北）,IEG-sandyzhu（朱磊）,第3届腾讯围棋大赛个人赛现场赛,第1轮
2016-12-15,S1-fredzqzhou（周子祺）,IEG-sandyzhu（朱磊）,S1-fredzqzhou（周子祺）,第3届腾讯围棋大赛个人赛现场赛,第2轮
2016-12-15,IEG-sandyzhu（朱磊）,IEG-jiadeng（邓嘉）,IEG-sandyzhu（朱磊）,第3届腾讯围棋大赛个人赛现场赛,第3轮
2016-12-15,IEG-jiadeng（邓嘉）,IEG-markyang（杨建北）,IEG-jiadeng（邓嘉）,第3届腾讯围棋大赛个人赛现场赛,第2轮
2016-12-15,S1-fredzqzhou（周子祺）,IEG-jiadeng（邓嘉）,S1-fredzqzhou（周子祺）,第3届腾讯围棋大赛个人赛现场赛,第1轮
2016-12-15,TEG-newstartchen（陈新星）,S1-fredzqzhou（周子祺）,TEG-newstartchen（陈新星）,第3届腾讯围棋大赛个人赛现场赛,第4轮
2016-12-15,TEG-fuyuzhang（张馥育）,IEG-jiadeng（邓嘉）,IEG-jiadeng（邓嘉）,第3届腾讯围棋大赛个人赛现场赛,第4轮
2016-12-15,MIG-parry（彭雄伟）,IEG-symoncheng（陈昇）,MIG-parry（彭雄伟）,第3届腾讯围棋大赛个人赛现场赛,第1轮
2016-12-15,CDG-daweiluo（罗大为）,MIG-parry（彭雄伟）,MIG-parry（彭雄伟）,第3届腾讯围棋大赛个人赛现场赛,第2轮
2016-12-15,MIG-parry（彭雄伟）,TEG-newstartchen（陈新星）,MIG-parry（彭雄伟）,第3届腾讯围棋大赛个人赛现场赛,第3轮
2016-12-15,WXG-hailongliu（刘海龙）,IEG-symoncheng（陈昇）,WXG-hailongliu（刘海龙）,第3届腾讯围棋大赛个人赛现场赛,第2轮
2016-12-15,IEG-symoncheng（陈昇）,TEG-fuyuzhang（张馥育）,TEG-fuyuzhang（张馥育）,第3届腾讯围棋大赛个人赛现场赛,第3轮
2016-12-15,CDG-daweiluo（罗大为）,WXG-hailongliu（刘海龙）,CDG-daweiluo（罗大为）,第3届腾讯围棋大赛个人赛现场赛,第1轮
2016-12-15,CDG-daweiluo（罗大为）,IEG-kidjiang（江天行）,CDG-daweiluo（罗大为）,第3届腾讯围棋大赛个人赛现场赛,第3轮
2016-12-15,TEG-zhiguohong（洪志国）,CDG-daweiluo（罗大为）,CDG-daweiluo（罗大为）,第3届腾讯围棋大赛个人赛现场赛,第4轮
2016-12-15,WXG-hailongliu（刘海龙）,TEG-zhiguohong（洪志国）,TEG-zhiguohong（洪志国）,第3届腾讯围棋大赛个人赛现场赛,第3轮
2016-12-15,IEG-kidjiang（江天行）,WXG-hailongliu（刘海龙）,IEG-kidjiang（江天行）,第3届腾讯围棋大赛个人赛现场赛,第4轮
2016-12-15,TEG-newstartchen（陈新星）,TEG-fuyuzhang（张馥育）,TEG-newstartchen（陈新星）,第3届腾讯围棋大赛个人赛现场赛,第1轮
2016-12-15,TEG-zhiguohong（洪志国）,TEG-newstartchen（陈新星）,TEG-newstartchen（陈新星）,第3届腾讯围棋大赛个人赛现场赛,第2轮
2016-12-15,IEG-kidjiang（江天行）,TEG-fuyuzhang（张馥育）,IEG-kidjiang（江天行）,第3届腾讯围棋大赛个人赛现场赛,第2轮
2016-12-15,IEG-kidjiang（江天行）,TEG-zhiguohong（洪志国）,TEG-zhiguohong（洪志国）,第3届腾讯围棋大赛个人赛现场赛,第1轮
2019-01-01,刘博东(jingleGo),戴南(dainan2021),刘博东(jingleGo),第10届腾讯围棋大赛个人赛A组,第1轮
2019-01-01,黄俊颖(孤傲的棋圣),黄曦炜(V213496499),黄俊颖(孤傲的棋圣),第10届腾讯围棋大赛个人赛A组,第1轮
2019-01-01,joshuaxchen(joshuax),刘馨忆(小九仙baby),刘馨忆(小九仙baby),第10届腾讯围棋大赛个人赛A组,第1轮
2019-01-01,田旭辉(田旭辉),刁寿钧(cachediao),田旭辉(田旭辉),第10届腾讯围棋大赛个人赛A组,第1轮
2019-01-01,朴乘志(南山豆瓣菜),林水丰(刚果骚骚猴),朴乘志(南山豆瓣菜),第10届腾讯围棋大赛个人赛A组,第1轮
2019-01-01,李林(256785),严修华(棋若有情),李林(256785),第10届腾讯围棋大赛个人赛A组,第1轮
2019-01-01,周淼(虚無飘淼),黄亦然(huangu4y62),黄亦然(huangu4y62),第10届腾讯围棋大赛个人赛A组,第1轮
2019-01-01,金川杰(WindJGo),彭天佐(刀疤帮老五),彭天佐(刀疤帮老五),第10届腾讯围棋大赛个人赛A组,第1轮
2019-01-01,张思(Serene思思),罗大为(dawidluo),罗大为(dawidluo),第10届腾讯围棋大赛个人赛A组,第1轮
2019-01-01,陈新星(小一艺),蒙锐(扶摇直),陈新星(小一艺),第10届腾讯围棋大赛个人赛A组,第1轮
2019-01-01,张刚毅(不下官子),陈泽友(v211413371),陈泽友(v211413371),第10届腾讯围棋大赛个人赛A组,第1轮
2019-01-01,朱磊(围棋新生s),王天奇(大傻砸),朱磊(围棋新生s),第10届腾讯围棋大赛个人赛A组,第1轮
2019-01-01,秦亦周(lvver),丁阳(伶仃洋),丁阳(伶仃洋),第10届腾讯围棋大赛个人赛A组,第1轮
2019-01-01,罗奕斐(小斐斐051),周杨杰(翻墙),周杨杰(翻墙),第10届腾讯围棋大赛个人赛A组,第1轮
2019-01-01,洪时豪(猴吃桃0165),林盛(想杀9D),洪时豪(猴吃桃0165),第10届腾讯围棋大赛个人赛A组,第1轮
2019-01-01,王博(薄味),周子祺(fred05zq12),周子祺(fred05zq12),第10届腾讯围棋大赛个人赛A组,第1轮
2019-01-01,王福臣(sai5go),王早(王早),王早(王早),第10届腾讯围棋大赛个人赛A组,第1轮
2019-01-01,王昊(骆驼祥19),叶子鹏(Tay1203),王昊(骆驼祥19),第10届腾讯围棋大赛个人赛A组,第1轮
2019-01-01,丁阳(伶仃洋),田旭辉(田旭辉),丁阳(伶仃洋),第10届腾讯围棋大赛个人赛A组,第2轮
2019-01-01,刘博东(jingleGo),王昊(骆驼祥19),刘博东(jingleGo),第10届腾讯围棋大赛个人赛A组,第2轮
2019-01-01,陈泽友(v211413371),朴乘志(南山豆瓣菜),朴乘志(南山豆瓣菜),第10届腾讯围棋大赛个人赛A组,第2轮
2019-01-01,彭天佐(刀疤帮老五),黄亦然(huangu4y62),彭天佐(刀疤帮老五),第10届腾讯围棋大赛个人赛A组,第2轮
2019-01-01,李林(256785),刘馨忆(小九仙baby),李林(256785),第10届腾讯围棋大赛个人赛A组,第2轮
2019-01-01,罗大为(dawidluo),黄俊颖(孤傲的棋圣),黄俊颖(孤傲的棋圣),第10届腾讯围棋大赛个人赛A组,第2轮
2019-01-01,王行健(棋道中和),王早(王早),王行健(棋道中和),第10届腾讯围棋大赛个人赛A组,第2轮
2019-01-01,朱磊(围棋新生s),周杨杰(翻墙),朱磊(围棋新生s),第10届腾讯围棋大赛个人赛A组,第2轮
2019-01-01,陈新星(小一艺),周子祺(fred05zq12),周子祺(fred05zq12),第10届腾讯围棋大赛个人赛A组,第2轮
2019-01-01,叶子鹏(Tay1203),洪时豪(猴吃桃0165),洪时豪(猴吃桃0165),第10届腾讯围棋大赛个人赛A组,第2轮
2019-01-01,蒙锐(扶摇直),王天奇(大傻砸),王天奇(大傻砸),第10届腾讯围棋大赛个人赛A组,第2轮
2019-01-01,joshuaxchen(joshuax),罗奕斐(小斐斐051),joshuaxchen(joshuax),第10届腾讯围棋大赛个人赛A组,第2轮
2019-01-01,严修华(棋若有情),王博(薄味),严修华(棋若有情),第10届腾讯围棋大赛个人赛A组,第2轮
2019-01-01,金川杰(WindJGo),戴南(dainan2021),戴南(dainan2021),第10届腾讯围棋大赛个人赛A组,第2轮
2019-01-01,刁寿钧(cachediao),秦亦周(lvver),秦亦周(lvver),第10届腾讯围棋大赛个人赛A组,第2轮
2019-01-01,林盛(想杀9D),周淼(虚無飘淼),周淼(虚無飘淼),第10届腾讯围棋大赛个人赛A组,第2轮
2019-01-01,黄曦炜(V213496499),张刚毅(不下官子),张刚毅(不下官子),第10届腾讯围棋大赛个人赛A组,第2轮
2019-01-01,林水丰(刚果骚骚猴),王福臣(sai5go),王福臣(sai5go),第10届腾讯围棋大赛个人赛A组,第2轮
2019-01-01,丁阳(伶仃洋),洪时豪(猴吃桃0165),洪时豪(猴吃桃0165),第10届腾讯围棋大赛个人赛A组,第3轮
2019-01-01,刘博东(jingleGo),王行健(棋道中和),王行健(棋道中和),第10届腾讯围棋大赛个人赛A组,第3轮
2019-01-01,朱磊(围棋新生s),周子祺(fred05zq12),周子祺(fred05zq12),第10届腾讯围棋大赛个人赛A组,第3轮
2019-01-01,李林(256785),黄俊颖(孤傲的棋圣),李林(256785),第10届腾讯围棋大赛个人赛A组,第3轮
2019-01-01,朴乘志(南山豆瓣菜),彭天佐(刀疤帮老五),彭天佐(刀疤帮老五),第10届腾讯围棋大赛个人赛A组,第3轮
2019-01-01,陈泽友(v211413371),戴南(dainan2021),戴南(dainan2021),第10届腾讯围棋大赛个人赛A组,第3轮
2019-01-01,王天奇(大傻砸),陈新星(小一艺),王天奇(大傻砸),第10届腾讯围棋大赛个人赛A组,第3轮
2019-01-01,刘馨忆(小九仙baby),田旭辉(田旭辉),田旭辉(田旭辉),第10届腾讯围棋大赛个人赛A组,第3轮
2019-01-01,黄亦然(huangu4y62),joshuaxchen(joshuax),黄亦然(huangu4y62),第10届腾讯围棋大赛个人赛A组,第3轮
2019-01-01,王早(王早),张刚毅(不下官子),王早(王早),第10届腾讯围棋大赛个人赛A组,第3轮
2019-01-01,张思(Serene思思),严修华(棋若有情),张思(Serene思思),第10届腾讯围棋大赛个人赛A组,第3轮
2019-01-01,周杨杰(翻墙),王福臣(sai5go),周杨杰(翻墙),第10届腾讯围棋大赛个人赛A组,第3轮
2019-01-01,罗大为(dawidluo),王昊(骆驼祥19),王昊(骆驼祥19),第10届腾讯围棋大赛个人赛A组,第3轮
2019-01-01,周淼(虚無飘淼),秦亦周(lvver),秦亦周(lvver),第10届腾讯围棋大赛个人赛A组,第3轮
2019-01-01,林水丰(刚果骚骚猴),罗奕斐(小斐斐051),罗奕斐(小斐斐051),第10届腾讯围棋大赛个人赛A组,第3轮
2019-01-01,林盛(想杀9D),黄曦炜(V213496499),林盛(想杀9D),第10届腾讯围棋大赛个人赛A组,第3轮
2019-01-01,王博(薄味),刁寿钧(cachediao),王博(薄味),第10届腾讯围棋大赛个人赛A组,第3轮
2019-01-01,叶子鹏(Tay1203),金川杰(WindJGo),叶子鹏(Tay1203),第10届腾讯围棋大赛个人赛A组,第3轮
2019-01-01,周子祺(fred05zq12),彭天佐(刀疤帮老五),彭天佐(刀疤帮老五),第10届腾讯围棋大赛个人赛A组,第4轮
2019-01-01,洪时豪(猴吃桃0165),王行健(棋道中和),王行健(棋道中和),第10届腾讯围棋大赛个人赛A组,第4轮
2019-01-01,田旭辉(田旭辉),李林(256785),李林(256785),第10届腾讯围棋大赛个人赛A组,第4轮
2019-01-01,周杨杰(翻墙),王天奇(大傻砸),周杨杰(翻墙),第10届腾讯围棋大赛个人赛A组,第4轮
2019-01-01,张思(Serene思思),黄俊颖(孤傲的棋圣),黄俊颖(孤傲的棋圣),第10届腾讯围棋大赛个人赛A组,第4轮
2019-01-01,王早(王早),丁阳(伶仃洋),丁阳(伶仃洋),第10届腾讯围棋大赛个人赛A组,第4轮
2019-01-01,王昊(骆驼祥19),戴南(dainan2021),戴南(dainan2021),第10届腾讯围棋大赛个人赛A组,第4轮
2019-01-01,秦亦周(lvver),朱磊(围棋新生s),朱磊(围棋新生s),第10届腾讯围棋大赛个人赛A组,第4轮
2019-01-01,黄亦然(huangu4y62),刘博东(jingleGo),刘博东(jingleGo),第10届腾讯围棋大赛个人赛A组,第4轮
2019-01-01,林盛(想杀9D),朴乘志(南山豆瓣菜),林盛(想杀9D),第10届腾讯围棋大赛个人赛A组,第4轮
2019-01-01,罗大为(dawidluo),王福臣(sai5go),罗大为(dawidluo),第10届腾讯围棋大赛个人赛A组,第4轮
2019-01-01,严修华(棋若有情),张刚毅(不下官子),张刚毅(不下官子),第10届腾讯围棋大赛个人赛A组,第4轮
2019-01-01,王博(薄味),蒙锐(扶摇直),蒙锐(扶摇直),第10届腾讯围棋大赛个人赛A组,第4轮
2019-01-01,刘馨忆(小九仙baby),叶子鹏(Tay1203),刘馨忆(小九仙baby),第10届腾讯围棋大赛个人赛A组,第4轮
2019-01-01,周淼(虚無飘淼),joshuaxchen(joshuax),周淼(虚無飘淼),第10届腾讯围棋大赛个人赛A组,第4轮
2019-01-01,罗奕斐(小斐斐051),陈新星(小一艺),陈新星(小一艺),第10届腾讯围棋大赛个人赛A组,第4轮
2019-01-01,陈泽友(v211413371),刁寿钧(cachediao),陈泽友(v211413371),第10届腾讯围棋大赛个人赛A组,第4轮
2019-01-01,黄曦炜(V213496499),金川杰(WindJGo),金川杰(WindJGo),第10届腾讯围棋大赛个人赛A组,第4轮
2019-01-01,王行健(棋道中和),李林(256785),李林(256785),第10届腾讯围棋大赛个人赛A组,第5轮
2019-01-01,彭天佐(刀疤帮老五),刘博东(jingleGo),刘博东(jingleGo),第10届腾讯围棋大赛个人赛A组,第5轮
2019-01-01,戴南(dainan2021),朱磊(围棋新生s),戴南(dainan2021),第10届腾讯围棋大赛个人赛A组,第5轮
2019-01-01,周杨杰(翻墙),丁阳(伶仃洋),周杨杰(翻墙),第10届腾讯围棋大赛个人赛A组,第5轮
2019-01-01,洪时豪(猴吃桃0165),周子祺(fred05zq12),洪时豪(猴吃桃0165),第10届腾讯围棋大赛个人赛A组,第5轮
2019-01-01,朴乘志(南山豆瓣菜),黄俊颖(孤傲的棋圣),黄俊颖(孤傲的棋圣),第10届腾讯围棋大赛个人赛A组,第5轮
2019-01-01,罗大为(dawidluo),田旭辉(田旭辉),罗大为(dawidluo),第10届腾讯围棋大赛个人赛A组,第5轮
2019-01-01,张刚毅(不下官子),陈新星(小一艺),张刚毅(不下官子),第10届腾讯围棋大赛个人赛A组,第5轮
2019-01-01,刘馨忆(小九仙baby),王早(王早),王早(王早),第10届腾讯围棋大赛个人赛A组,第5轮
2019-01-01,张思(Serene思思),周淼(虚無飘淼),张思(Serene思思),第10届腾讯围棋大赛个人赛A组,第5轮
2019-01-01,秦亦周(lvver),蒙锐(扶摇直),秦亦周(lvver),第10届腾讯围棋大赛个人赛A组,第5轮
2019-01-01,王昊(骆驼祥19),陈泽友(v211413371),陈泽友(v211413371),第10届腾讯围棋大赛个人赛A组,第5轮
2019-01-01,林盛(想杀9D),黄亦然(huangu4y62),林盛(想杀9D),第10届腾讯围棋大赛个人赛A组,第5轮
2019-01-01,王福臣(sai5go),王天奇(大傻砸),王天奇(大傻砸),第10届腾讯围棋大赛个人赛A组,第5轮
2019-01-01,严修华(棋若有情),林水丰(刚果骚骚猴),严修华(棋若有情),第10届腾讯围棋大赛个人赛A组,第5轮
2019-01-01,金川杰(WindJGo),王博(薄味),金川杰(WindJGo),第10届腾讯围棋大赛个人赛A组,第5轮
2019-01-01,叶子鹏(Tay1203),罗奕斐(小斐斐051),罗奕斐(小斐斐051),第10届腾讯围棋大赛个人赛A组,第5轮
2019-01-01,黄曦炜(V213496499),joshuaxchen(joshuax),黄曦炜(V213496499),第10届腾讯围棋大赛个人赛A组,第5轮
2019-01-01,彭天佐(刀疤帮老五),李林(256785),李林(256785),第10届腾讯围棋大赛个人赛A组,第6轮
2019-01-01,黄俊颖(孤傲的棋圣),周杨杰(翻墙),黄俊颖(孤傲的棋圣),第10届腾讯围棋大赛个人赛A组,第6轮
2019-01-01,戴南(dainan2021),王行健(棋道中和),王行健(棋道中和),第10届腾讯围棋大赛个人赛A组,第6轮
2019-01-01,刘博东(jingleGo),洪时豪(猴吃桃0165),洪时豪(猴吃桃0165),第10届腾讯围棋大赛个人赛A组,第6轮
2019-01-01,丁阳(伶仃洋),陈泽友(v211413371),丁阳(伶仃洋),第10届腾讯围棋大赛个人赛A组,第6轮
2019-01-01,王天奇(大傻砸),张思(Serene思思),张思(Serene思思),第10届腾讯围棋大赛个人赛A组,第6轮
2019-01-01,秦亦周(lvver),林盛(想杀9D),林盛(想杀9D),第10届腾讯围棋大赛个人赛A组,第6轮
2019-01-01,王早(王早),罗大为(dawidluo),王早(王早),第10届腾讯围棋大赛个人赛A组,第6轮
2019-01-01,张刚毅(不下官子),朱磊(围棋新生s),朱磊(围棋新生s),第10届腾讯围棋大赛个人赛A组,第6轮
2019-01-01,金川杰(WindJGo),周子祺(fred05zq12),周子祺(fred05zq12),第10届腾讯围棋大赛个人赛A组,第6轮
2019-01-01,蒙锐(扶摇直),严修华(棋若有情),蒙锐(扶摇直),第10届腾讯围棋大赛个人赛A组,第6轮
2019-01-01,罗奕斐(小斐斐051),王昊(骆驼祥19),王昊(骆驼祥19),第10届腾讯围棋大赛个人赛A组,第6轮
2019-01-01,周淼(虚無飘淼),田旭辉(田旭辉),田旭辉(田旭辉),第10届腾讯围棋大赛个人赛A组,第6轮
2019-01-01,陈新星(小一艺),朴乘志(南山豆瓣菜),朴乘志(南山豆瓣菜),第10届腾讯围棋大赛个人赛A组,第6轮
2019-01-01,黄亦然(huangu4y62),刘馨忆(小九仙baby),刘馨忆(小九仙baby),第10届腾讯围棋大赛个人赛A组,第6轮
2019-01-01,黄曦炜(V213496499),叶子鹏(Tay1203),叶子鹏(Tay1203),第10届腾讯围棋大赛个人赛A组,第6轮
2019-01-01,刁寿钧(cachediao),joshuaxchen(joshuax),joshuaxchen(joshuax),第10届腾讯围棋大赛个人赛A组,第6轮
2019-01-01,林水丰(刚果骚骚猴),王博(薄味),王博(薄味),第10届腾讯围棋大赛个人赛A组,第6轮
2019-01-01,洪时豪(猴吃桃0165),李林(256785),洪时豪(猴吃桃0165),第10届腾讯围棋大赛个人赛A组,第7轮
2019-01-01,黄俊颖(孤傲的棋圣),王行健(棋道中和),王行健(棋道中和),第10届腾讯围棋大赛个人赛A组,第7轮
2019-01-01,周杨杰(翻墙),张思(Serene思思),张思(Serene思思),第10届腾讯围棋大赛个人赛A组,第7轮
2019-01-01,朱磊(围棋新生s),王早(王早),王早(王早),第10届腾讯围棋大赛个人赛A组,第7轮
2019-01-01,丁阳(伶仃洋),彭天佐(刀疤帮老五),彭天佐(刀疤帮老五),第10届腾讯围棋大赛个人赛A组,第7轮
2019-01-01,周子祺(fred05zq12),戴南(dainan2021),周子祺(fred05zq12),第10届腾讯围棋大赛个人赛A组,第7轮
2019-01-01,刘博东(jingleGo),林盛(想杀9D),刘博东(jingleGo),第10届腾讯围棋大赛个人赛A组,第7轮
2019-01-01,朴乘志(南山豆瓣菜),张刚毅(不下官子),朴乘志(南山豆瓣菜),第10届腾讯围棋大赛个人赛A组,第7轮
2019-01-01,罗大为(dawidluo),陈泽友(v211413371),陈泽友(v211413371),第10届腾讯围棋大赛个人赛A组,第7轮
2019-01-01,王昊(骆驼祥19),田旭辉(田旭辉),田旭辉(田旭辉),第10届腾讯围棋大赛个人赛A组,第7轮
2019-01-01,王天奇(大傻砸),秦亦周(lvver),秦亦周(lvver),第10届腾讯围棋大赛个人赛A组,第7轮
2019-01-01,蒙锐(扶摇直),刘馨忆(小九仙baby),刘馨忆(小九仙baby),第10届腾讯围棋大赛个人赛A组,第7轮
2019-01-01,王福臣(sai5go),罗奕斐(小斐斐051),罗奕斐(小斐斐051),第10届腾讯围棋大赛个人赛A组,第7轮
2019-01-01,叶子鹏(Tay1203),黄亦然(huangu4y62),叶子鹏(Tay1203),第10届腾讯围棋大赛个人赛A组,第7轮
2019-01-01,joshuaxchen(joshuax),王博(薄味),joshuaxchen(joshuax),第10届腾讯围棋大赛个人赛A组,第7轮
2019-01-01,严修华(棋若有情),周淼(虚無飘淼),周淼(虚無飘淼),第10届腾讯围棋大赛个人赛A组,第7轮
2019-01-01,陈新星(小一艺),金川杰(WindJGo),金川杰(WindJGo),第10届腾讯围棋大赛个人赛A组,第7轮
2019-01-01,刁寿钧(cachediao),林水丰(刚果骚骚猴),林水丰(刚果骚骚猴),第10届腾讯围棋大赛个人赛A组,第7轮
2019-01-01,王行健(棋道中和),彭天佐(刀疤帮老五),彭天佐(刀疤帮老五),第10届腾讯围棋大赛个人赛A组,第8轮
2019-01-01,李林(256785),周子祺(fred05zq12),李林(256785),第10届腾讯围棋大赛个人赛A组,第8轮
2019-01-01,洪时豪(猴吃桃0165),王早(王早),王早(王早),第10届腾讯围棋大赛个人赛A组,第8轮
2019-01-01,张思(Serene思思),刘博东(jingleGo),刘博东(jingleGo),第10届腾讯围棋大赛个人赛A组,第8轮
2019-01-01,秦亦周(lvver),周杨杰(翻墙),周杨杰(翻墙),第10届腾讯围棋大赛个人赛A组,第8轮
2019-01-01,戴南(dainan2021),田旭辉(田旭辉),田旭辉(田旭辉),第10届腾讯围棋大赛个人赛A组,第8轮
2019-01-01,刘馨忆(小九仙baby),朱磊(围棋新生s),朱磊(围棋新生s),第10届腾讯围棋大赛个人赛A组,第8轮
2019-01-01,陈泽友(v211413371),林盛(想杀9D),林盛(想杀9D),第10届腾讯围棋大赛个人赛A组,第8轮
2019-01-01,丁阳(伶仃洋),朴乘志(南山豆瓣菜),朴乘志(南山豆瓣菜),第10届腾讯围棋大赛个人赛A组,第8轮
2019-01-01,joshuaxchen(joshuax),金川杰(WindJGo),金川杰(WindJGo),第10届腾讯围棋大赛个人赛A组,第8轮
2019-01-01,王天奇(大傻砸),王昊(骆驼祥19),王昊(骆驼祥19),第10届腾讯围棋大赛个人赛A组,第8轮
2019-01-01,罗奕斐(小斐斐051),张刚毅(不下官子),张刚毅(不下官子),第10届腾讯围棋大赛个人赛A组,第8轮
2019-01-01,蒙锐(扶摇直),叶子鹏(Tay1203),叶子鹏(Tay1203),第10届腾讯围棋大赛个人赛A组,第8轮
2019-01-01,周淼(虚無飘淼),罗大为(dawidluo),周淼(虚無飘淼),第10届腾讯围棋大赛个人赛A组,第8轮
2019-01-01,黄亦然(huangu4y62),黄曦炜(V213496499),黄曦炜(V213496499),第10届腾讯围棋大赛个人赛A组,第8轮
2019-01-01,王博(薄味),王福臣(sai5go),王博(薄味),第10届腾讯围棋大赛个人赛A组,第8轮
2019-01-01,林水丰(刚果骚骚猴),陈新星(小一艺),陈新星(小一艺),第10届腾讯围棋大赛个人赛A组,第8轮
2019-01-01,严修华(棋若有情),刁寿钧(cachediao),严修华(棋若有情),第10届腾讯围棋大赛个人赛A组,第8轮
2024-12-15,王行健,郑楷,王行健,第11届腾讯围棋大赛个人赛现场赛,第1轮
2024-12-15,高一君,王行健,王行健,第11届腾讯围棋大赛个人赛现场赛,第2轮
2024-12-15,王行健,潘肇程,王行健,第11届腾讯围棋大赛个人赛现场赛,第3轮
2024-12-15,彭天佐,王行健,王行健,第11届腾讯围棋大赛个人赛现场赛,第4轮
2024-12-15,王行健,洪时豪,王行健,第11届腾讯围棋大赛个人赛现场赛,第5轮
2024-12-15,刘博东,王行健,王行健,第11届腾讯围棋大赛个人赛现场赛,第6轮
2024-12-15,张家齐,郑楷,郑楷,第11届腾讯围棋大赛个人赛现场赛,第2轮
2024-12-15,郑楷,王早,,第11届腾讯围棋大赛个人赛现场赛,第3轮
2024-12-15,洪时豪,郑楷,洪时豪,第11届腾讯围棋大赛个人赛现场赛,第4轮
2024-12-15,郑楷,罗大为,郑楷,第11届腾讯围棋大赛个人赛现场赛,第5轮
2024-12-15,丁阳,郑楷,丁阳,第11届腾讯围棋大赛个人赛现场赛,第6轮
2024-12-15,高一君,张家齐,高一君,第11届腾讯围棋大赛个人赛现场赛,第1轮
2024-12-15,高一君,罗大为,高一君,第11届腾讯围棋大赛个人赛现场赛,第3轮
2024-12-15,朱磊,高一君,高一君,第11届腾讯围棋大赛个人赛现场赛,第4轮
2024-12-15,高一君,王早,高一君,第11届腾讯围棋大赛个人赛现场赛,第5轮
2024-12-15,彭天佐,高一君,高一君,第11届腾讯围棋大赛个人赛现场赛,第6轮
2024-12-15,张家齐,丁阳,丁阳,第11届腾讯围棋大赛个人赛现场赛,第3轮
2024-12-15,叶子鹏,张家齐,叶子鹏,第11届腾讯围棋大赛个人赛现场赛,第4轮
2024-12-15,张家齐,严修华,严修华,第11届腾讯围棋大赛个人赛现场赛,第5轮
2024-12-15,苏洋,张家齐,苏洋,第11届腾讯围棋大赛个人赛现场赛,第6轮
2024-12-15,潘肇程,叶子鹏,潘肇程,第11届腾讯围棋大赛个人赛现场赛,第1轮
2024-12-15,罗大为,潘肇程,潘肇程,第11届腾讯围棋大赛个人赛现场赛,第2轮
2024-12-15,刘博东,潘肇程,潘肇程,第11届腾讯围棋大赛个人赛现场赛,第4轮
2024-12-15,潘肇程,丁阳,潘肇程,第11届腾讯围棋大赛个人赛现场赛,第5轮
2024-12-15,沈希阳,潘肇程,潘肇程,第11届腾讯围棋大赛个人赛现场赛,第6轮
2024-12-15,陈愚夫,叶子鹏,陈愚夫,第11届腾讯围棋大赛个人赛现场赛,第2轮
2024-12-15,叶子鹏,苏洋,苏洋,第11届腾讯围棋大赛个人赛现场赛,第3轮
2024-12-15,叶子鹏,张刚毅,张刚毅,第11届腾讯围棋大赛个人赛现场赛,第5轮
2024-12-15,严修华,叶子鹏,叶子鹏,第11届腾讯围棋大赛个人赛现场赛,第6轮
2024-12-15,罗大为,陈愚夫,罗大为,第11届腾讯围棋大赛个人赛现场赛,第1轮
2024-12-15,严修华,罗大为,罗大为,第11届腾讯围棋大赛个人赛现场赛,第4轮
2024-12-15,张刚毅,罗大为,罗大为,第11届腾讯围棋大赛个人赛现场赛,第6轮
2024-12-15,陈愚夫,洪时豪,洪时豪,第11届腾讯围棋大赛个人赛现场赛,第3轮
2024-12-15,苏洋,陈愚夫,陈愚夫,第11届腾讯围棋大赛个人赛现场赛,第4轮
2024-12-15,陈愚夫,彭天佐,彭天佐,第11届腾讯围棋大赛个人赛现场赛,第5轮
2024-12-15,陈新星,陈愚夫,陈新星,第11届腾讯围棋大赛个人赛现场赛,第6轮
2024-12-15,洪时豪,苏洋,洪时豪,第11届腾讯围棋大赛个人赛现场赛,第1轮
2024-12-15,刘博东,洪时豪,刘博东,第11届腾讯围棋大赛个人赛现场赛,第2轮
2024-12-15,王早,洪时豪,洪时豪,第11届腾讯围棋大赛个人赛现场赛,第6轮
2024-12-15,张刚毅,苏洋,张刚毅,第11届腾讯围棋大赛个人赛现场赛,第2轮
2024-12-15,苏洋,朱磊,朱磊,第11届腾讯围棋大赛个人赛现场赛,第5轮
2024-12-15,刘博东,张刚毅,刘博东,第11届腾讯围棋大赛个人赛现场赛,第1轮
2024-12-15,刘博东,彭天佐,彭天佐,第11届腾讯围棋大赛个人赛现场赛,第3轮
2024-12-15,刘博东,朴乘志,刘博东,第11届腾讯围棋大赛个人赛现场赛,第5轮
2024-12-15,张刚毅,朴乘志,朴乘志,第11届腾讯围棋大赛个人赛现场赛,第3轮
2024-12-15,陈新星,张刚毅,陈新星,第11届腾讯围棋大赛个人赛现场赛,第4轮
2024-12-15,彭天佐,朴乘志,彭天佐,第11届腾讯围棋大赛个人赛现场赛,第1轮
2024-12-15,沈希阳,彭天佐,彭天佐,第11届腾讯围棋大赛个人赛现场赛,第2轮
2024-12-15,严修华,朴乘志,朴乘志,第11届腾讯围棋大赛个人赛现场赛,第2轮
2024-12-15,王早,朴乘志,王早,第11届腾讯围棋大赛个人赛现场赛,第4轮
2024-12-15,朱磊,朴乘志,朱磊,第11届腾讯围棋大赛个人赛现场赛,第6轮
2024-12-15,沈希阳,严修华,沈希阳,第11届腾讯围棋大赛个人赛现场赛,第1轮
2024-12-15,沈希阳,朱磊,沈希阳,第11届腾讯围棋大赛个人赛现场赛,第3轮
2024-12-15,丁阳,沈希阳,丁阳,第11届腾讯围棋大赛个人赛现场赛,第4轮
2024-12-15,沈希阳,陈新星,沈希阳,第11届腾讯围棋大赛个人赛现场赛,第5轮
2024-12-15,严修华,陈新星,陈新星,第11届腾讯围棋大赛个人赛现场赛,第3轮
2024-12-15,陈新星,朱磊,朱磊,第11届腾讯围棋大赛个人赛现场赛,第1轮
2024-12-15,丁阳,陈新星,丁阳,第11届腾讯围棋大赛个人赛现场赛,第2轮
2024-12-15,王早,朱磊,王早,第11届腾讯围棋大赛个人赛现场赛,第2轮
2024-12-15,王早,丁阳,王早,第11届腾讯围棋大赛个人赛现场赛,第1轮
2020-12-15,朴乘志,刘馨忆,朴乘志,第7届腾讯围棋大赛个人赛现场赛,第1轮
2020-12-15,王早,朴乘志,王早,第7届腾讯围棋大赛个人赛现场赛,第2轮
2020-12-15,朴乘志,丁阳,丁阳,第7届腾讯围棋大赛个人赛现场赛,第3轮
2020-12-15,熊昊奇,朴乘志,朴乘志,第7届腾讯围棋大赛个人赛现场赛,第4轮
2020-12-15,朴乘志,罗大为,,第7届腾讯围棋大赛个人赛现场赛,第5轮
2020-12-15,朱磊,朴乘志,朴乘志,第7届腾讯围棋大赛个人赛现场赛,第6轮
2020-12-15,丁阳,刘馨忆,丁阳,第7届腾讯围棋大赛个人赛现场赛,第2轮
2020-12-15,刘馨忆,秦圣昭,刘馨忆,第7届腾讯围棋大赛个人赛现场赛,第3轮
2020-12-15,朱磊,刘馨忆,朱磊,第7届腾讯围棋大赛个人赛现场赛,第4轮
2020-12-15,刘馨忆,陈泽友,,第7届腾讯围棋大赛个人赛现场赛,第5轮
2020-12-15,洪志国,刘馨忆,刘馨忆,第7届腾讯围棋大赛个人赛现场赛,第6轮
2020-12-15,丁阳,王早,王早,第7届腾讯围棋大赛个人赛现场赛,第1轮
2020-12-15,王昊,丁阳,王昊,第7届腾讯围棋大赛个人赛现场赛,第4轮
2020-12-15,丁阳,朱磊,朱磊,第7届腾讯围棋大赛个人赛现场赛,第5轮
2020-12-15,熊昊奇,丁阳,丁阳,第7届腾讯围棋大赛个人赛现场赛,第6轮
2020-12-15,王早,沈张毅,沈张毅,第7届腾讯围棋大赛个人赛现场赛,第3轮
2020-12-15,沈希阳,王早,沈希阳,第7届腾讯围棋大赛个人赛现场赛,第4轮
2020-12-15,王早,郭启嘉,郭启嘉,第7届腾讯围棋大赛个人赛现场赛,第5轮
2020-12-15,张刚毅,王早,王早,第7届腾讯围棋大赛个人赛现场赛,第6轮
2020-12-15,沈张毅,熊昊奇,沈张毅,第7届腾讯围棋大赛个人赛现场赛,第1轮
2020-12-15,王昊,沈张毅,沈张毅,第7届腾讯围棋大赛个人赛现场赛,第2轮
2020-12-15,刘博东,沈张毅,沈张毅,第7届腾讯围棋大赛个人赛现场赛,第4轮
2020-12-15,沈张毅,沈希阳,,第7届腾讯围棋大赛个人赛现场赛,第5轮
2020-12-15,郭启嘉,沈张毅,沈张毅,第7届腾讯围棋大赛个人赛现场赛,第6轮
2020-12-15,秦圣昭,熊昊奇,熊昊奇,第7届腾讯围棋大赛个人赛现场赛,第2轮
2020-12-15,熊昊奇,王昊,王昊,第7届腾讯围棋大赛个人赛现场赛,第3轮
2020-12-15,熊昊奇,张刚毅,熊昊奇,第7届腾讯围棋大赛个人赛现场赛,第5轮
2020-12-15,秦圣昭,王昊,王昊,第7届腾讯围棋大赛个人赛现场赛,第1轮
2020-12-15,张刚毅,秦圣昭,秦圣昭,第7届腾讯围棋大赛个人赛现场赛,第4轮
2020-12-15,秦圣昭,洪志国,秦圣昭,第7届腾讯围棋大赛个人赛现场赛,第5轮
2020-12-15,陈泽友,秦圣昭,陈泽友,第7届腾讯围棋大赛个人赛现场赛,第6轮
2020-12-15,王昊,刘博东,刘博东,第7届腾讯围棋大赛个人赛现场赛,第5轮
2020-12-15,罗大为,王昊,王昊,第7届腾讯围棋大赛个人赛现场赛,第6轮
2020-12-15,沈希阳,朱磊,朱磊,第7届腾讯围棋大赛个人赛现场赛,第1轮
2020-12-15,张刚毅,沈希阳,沈希阳,第7届腾讯围棋大赛个人赛现场赛,第2轮
2020-12-15,沈希阳,郭启嘉,沈希阳,第7届腾讯围棋大赛个人赛现场赛,第3轮
2020-12-15,刘博东,沈希阳,刘博东,第7届腾讯围棋大赛个人赛现场赛,第6轮
2020-12-15,刘博东,朱磊,刘博东,第7届腾讯围棋大赛个人赛现场赛,第2轮
2020-12-15,朱磊,罗大为,罗大为,第7届腾讯围棋大赛个人赛现场赛,第3轮
2020-12-15,刘博东,张刚毅,刘博东,第7届腾讯围棋大赛个人赛现场赛,第1轮
2020-12-15,刘博东,陈泽友,刘博东,第7届腾讯围棋大赛个人赛现场赛,第3轮
2020-12-15,张刚毅,洪志国,洪志国,第7届腾讯围棋大赛个人赛现场赛,第3轮
2020-12-15,郭启嘉,罗大为,郭启嘉,第7届腾讯围棋大赛个人赛现场赛,第1轮
2020-12-15,陈泽友,郭启嘉,陈泽友,第7届腾讯围棋大赛个人赛现场赛,第2轮
2020-12-15,洪志国,郭启嘉,郭启嘉,第7届腾讯围棋大赛个人赛现场赛,第4轮
2020-12-15,洪志国,罗大为,罗大为,第7届腾讯围棋大赛个人赛现场赛,第2轮
2020-12-15,陈泽友,罗大为,罗大为,第7届腾讯围棋大赛个人赛现场赛,第4轮
2020-12-15,陈泽友,洪志国,陈泽友,第7届腾讯围棋大赛个人赛现场赛,第1轮
2016-10-01,TEG-walkerzwang（王早）,SNG-kenjyli（李几鞅）,TEG-walkerzwang（王早）,第3届腾讯围棋大赛个人赛预选赛,第1轮
2016-10-01,IEG-chenchenhe（何琛琛）,TEG-walkerzwang（王早）,TEG-walkerzwang（王早）,第3届腾讯围棋大赛个人赛预选赛,第2轮
2016-10-01,TEG-walkerzwang（王早）,OMG-ryanding（丁阳）,OMG-ryanding（丁阳）,第3届腾讯围棋大赛个人赛预选赛,第3轮
2016-10-01,TEG-zhiguohong（洪志国）,TEG-walkerzwang（王早）,TEG-walkerzwang（王早）,第3届腾讯围棋大赛个人赛预选赛,第4轮
2016-10-01,TEG-walkerzwang（王早）,S1-fredzqzhou（周子祺）,S1-fredzqzhou（周子祺）,第3届腾讯围棋大赛个人赛预选赛,第5轮
2016-10-01,TEG-fuyuzhang（张馥育）,TEG-walkerzwang（王早）,TEG-walkerzwang（王早）,第3届腾讯围棋大赛个人赛预选赛,第6轮
2016-10-01,TEG-fuyuzhang（张馥育）,SNG-kenjyli（李几鞅）,TEG-fuyuzhang（张馥育）,第3届腾讯围棋大赛个人赛预选赛,第2轮
2016-10-01,TEG-fuyuzhang（张馥育）,TEG-zhiguohong（洪志国）,TEG-zhiguohong（洪志国）,第3届腾讯围棋大赛个人赛预选赛,第1轮
2016-10-01,TEG-fuyuzhang（张馥育）,S1-fredzqzhou（周子祺）,S1-fredzqzhou（周子祺）,第3届腾讯围棋大赛个人赛预选赛,第3轮
2016-10-01,IEG-jimmymo（莫贤志）,TEG-fuyuzhang（张馥育）,TEG-fuyuzhang（张馥育）,第3届腾讯围棋大赛个人赛预选赛,第4轮
2016-10-01,TEG-fuyuzhang（张馥育）,IEG-markyang（杨建北）,,第3届腾讯围棋大赛个人赛预选赛,第5轮
2016-10-01,OMG-ryanding（丁阳）,TEG-zhiguohong（洪志国）,OMG-ryanding（丁阳）,第3届腾讯围棋大赛个人赛预选赛,第2轮
2016-10-01,TEG-zhiguohong（洪志国）,IEG-jimmymo（莫贤志）,TEG-zhiguohong（洪志国）,第3届腾讯围棋大赛个人赛预选赛,第3轮
2016-10-01,TEG-zhiguohong（洪志国）,WXG-hailongliu（刘海龙）,WXG-hailongliu（刘海龙）,第3届腾讯围棋大赛个人赛预选赛,第5轮
2016-10-01,MIG-clauseliu（刘武）,TEG-zhiguohong（洪志国）,TEG-zhiguohong（洪志国）,第3届腾讯围棋大赛个人赛预选赛,第6轮
2016-10-01,OMG-ryanding（丁阳）,S1-fredzqzhou（周子祺）,OMG-ryanding（丁阳）,第3届腾讯围棋大赛个人赛预选赛,第1轮
2016-10-01,TEG-newstarchen（陈新星）,OMG-ryanding（丁阳）,OMG-ryanding（丁阳）,第3届腾讯围棋大赛个人赛预选赛,第4轮
2016-10-01,OMG-ryanding（丁阳）,CDG-daweiluo（罗大为）,OMG-ryanding（丁阳）,第3届腾讯围棋大赛个人赛预选赛,第5轮
2016-10-01,IEG-sandyzhu（朱磊）,OMG-ryanding（丁阳）,OMG-ryanding（丁阳）,第3届腾讯围棋大赛个人赛预选赛,第6轮
2016-10-01,WXG-zhaohuifang（方兆辉）,S1-fredzqzhou（周子祺）,S1-fredzqzhou（周子祺）,第3届腾讯围棋大赛个人赛预选赛,第2轮
2016-10-01,WXG-hailongliu（刘海龙）,S1-fredzqzhou（周子祺）,S1-fredzqzhou（周子祺）,第3届腾讯围棋大赛个人赛预选赛,第4轮
2016-10-01,MIG-devincheng（程飞虎）,S1-fredzqzhou（周子祺）,S1-fredzqzhou（周子祺）,第3届腾讯围棋大赛个人赛预选赛,第6轮
2016-10-01,IEG-jimmymo（莫贤志）,WXG-zhaohuifang（方兆辉）,IEG-jimmymo（莫贤志）,第3届腾讯围棋大赛个人赛预选赛,第1轮
2016-10-01,WXG-hailongliu（刘海龙）,IEG-jimmymo（莫贤志）,WXG-hailongliu（刘海龙）,第3届腾讯围棋大赛个人赛预选赛,第2轮
2016-10-01,IEG-jimmymo（莫贤志）,CDG-kellysyang（杨娟）,CDG-kellysyang（杨娟）,第3届腾讯围棋大赛个人赛预选赛,第5轮
2016-10-01,WXG-hailongliu（刘海龙）,S2-yuehuang（黄岳）,WXG-hailongliu（刘海龙）,第3届腾讯围棋大赛个人赛预选赛,第1轮
2016-10-01,WXG-hailongliu（刘海龙）,TEG-newstarchen（陈新星）,TEG-newstarchen（陈新星）,第3届腾讯围棋大赛个人赛预选赛,第3轮
2016-10-01,IEG-kidjiang（江天行）,WXG-hailongliu（刘海龙）,IEG-kidjiang（江天行）,第3届腾讯围棋大赛个人赛预选赛,第6轮
2016-10-01,WXG-stacyliang（梁晨曦）,S2-yuehuang（黄岳）,S2-yuehuang（黄岳）,第3届腾讯围棋大赛个人赛预选赛,第2轮
2016-10-01,S2-yuehuang（黄岳）,IEG-kidjiang（江天行）,IEG-kidjiang（江天行）,第3届腾讯围棋大赛个人赛预选赛,第3轮
2016-10-01,IEG-xinghuahu（胡兴华）,S2-yuehuang（黄岳）,S2-yuehuang（黄岳）,第3届腾讯围棋大赛个人赛预选赛,第4轮
2016-10-01,S2-yuehuang（黄岳）,IEG-spockren（任长城）,IEG-spockren（任长城）,第3届腾讯围棋大赛个人赛预选赛,第5轮
2016-10-01,CDG-kellysyang（杨娟）,S2-yuehuang（黄岳）,S2-yuehuang（黄岳）,第3届腾讯围棋大赛个人赛预选赛,第6轮
2016-10-01,WXG-stacyliang（梁晨曦）,TEG-newstarchen（陈新星）,TEG-newstarchen（陈新星）,第3届腾讯围棋大赛个人赛预选赛,第1轮
2016-10-01,IEG-kidjiang（江天行）,TEG-newstarchen（陈新星）,TEG-newstarchen（陈新星）,第3届腾讯围棋大赛个人赛预选赛,第2轮
2016-10-01,TEG-newstarchen（陈新星）,IEG-jiadeng（邓嘉）,TEG-newstarchen（陈新星）,第3届腾讯围棋大赛个人赛预选赛,第5轮
2016-10-01,CDG-daweiluo（罗大为）,TEG-newstarchen（陈新星）,TEG-newstarchen（陈新星）,第3届腾讯围棋大赛个人赛预选赛,第6轮
2016-10-01,CDG-kellysyang（杨娟）,IEG-kidjiang（江天行）,IEG-kidjiang（江天行）,第3届腾讯围棋大赛个人赛预选赛,第1轮
2016-10-01,IEG-xinghuahu（胡兴华）,CDG-kellysyang（杨娟）,IEG-xinghuahu（胡兴华）,第3届腾讯围棋大赛个人赛预选赛,第2轮
2016-10-01,CDG-kellysyang（杨娟）,MIG-clauseliu（刘武）,MIG-clauseliu（刘武）,第3届腾讯围棋大赛个人赛预选赛,第3轮
2016-10-01,IEG-spockren（任长城）,IEG-kidjiang（江天行）,IEG-kidjiang（江天行）,第3届腾讯围棋大赛个人赛预选赛,第4轮
2016-10-01,IEG-kidjiang（江天行）,IEG-sandyzhu（朱磊）,IEG-sandyzhu（朱磊）,第3届腾讯围棋大赛个人赛预选赛,第5轮
2016-10-01,IEG-xinghuahu（胡兴华）,IEG-spockren（任长城）,IEG-spockren（任长城）,第3届腾讯围棋大赛个人赛预选赛,第1轮
2016-10-01,IEG-xinghuahu（胡兴华）,IEG-jiadeng（邓嘉）,IEG-jiadeng（邓嘉）,第3届腾讯围棋大赛个人赛预选赛,第3轮
2016-10-01,IEG-xinghuahu（胡兴华）,MIG-clauseliu（刘武）,IEG-xinghuahu（胡兴华）,第3届腾讯围棋大赛个人赛预选赛,第5轮
2016-10-01,TEG-tabeyang（阳特宝）,IEG-xinghuahu（胡兴华）,TEG-tabeyang（阳特宝）,第3届腾讯围棋大赛个人赛预选赛,第6轮
2016-10-01,IEG-sandyzhu（朱磊）,IEG-spockren（任长城）,IEG-sandyzhu（朱磊）,第3届腾讯围棋大赛个人赛预选赛,第2轮
2016-10-01,IEG-spockren（任长城）,TEG-tabeyang（阳特宝）,IEG-spockren（任长城）,第3届腾讯围棋大赛个人赛预选赛,第3轮
2016-10-01,IEG-symoncheng（陈昇）,IEG-spockren（任长城）,IEG-spockren（任长城）,第3届腾讯围棋大赛个人赛预选赛,第6轮
2016-10-01,IEG-jiadeng（邓嘉）,IEG-sandyzhu（朱磊）,IEG-sandyzhu（朱磊）,第3届腾讯围棋大赛个人赛预选赛,第1轮
2016-10-01,MIG-clauseliu（刘武）,IEG-jiadeng（邓嘉）,IEG-jiadeng（邓嘉）,第3届腾讯围棋大赛个人赛预选赛,第2轮
2016-10-01,IEG-symoncheng（陈昇）,IEG-jiadeng（邓嘉）,IEG-jiadeng（邓嘉）,第3届腾讯围棋大赛个人赛预选赛,第4轮
2016-10-01,IEG-markyang（杨建北）,IEG-jiadeng（邓嘉）,IEG-markyang（杨建北）,第3届腾讯围棋大赛个人赛预选赛,第6轮
2016-10-01,IEG-sandyzhu（朱磊）,OMG-jimmytqzhao（赵天铨）,IEG-sandyzhu（朱磊）,第3届腾讯围棋大赛个人赛预选赛,第3轮
2016-10-01,CDG-daweiluo（罗大为）,IEG-sandyzhu（朱磊）,CDG-daweiluo（罗大为）,第3届腾讯围棋大赛个人赛预选赛,第4轮
2016-10-01,MIG-clauseliu（刘武）,OMG-jimmytqzhao（赵天铨）,OMG-jimmytqzhao（赵天铨）,第3届腾讯围棋大赛个人赛预选赛,第1轮
2016-10-01,TEG-tabeyang（阳特宝）,MIG-clauseliu（刘武）,TEG-tabeyang（阳特宝）,第3届腾讯围棋大赛个人赛预选赛,第4轮
2016-10-01,TEG-tabeyang（阳特宝）,OMG-jimmytqzhao（赵天铨）,OMG-jimmytqzhao（赵天铨）,第3届腾讯围棋大赛个人赛预选赛,第2轮
2016-10-01,WXG-disenzhang（张东轩）,TEG-tabeyang（阳特宝）,TEG-tabeyang（阳特宝）,第3届腾讯围棋大赛个人赛预选赛,第1轮
2016-10-01,WXG-lynatao（陶玲会）,WXG-disenzhang（张东轩）,WXG-lynatao（陶玲会）,第3届腾讯围棋大赛个人赛预选赛,第2轮
2016-10-01,TEG-tabeyang（阳特宝）,MIG-devincheng（程飞虎）,MIG-devincheng（程飞虎）,第3届腾讯围棋大赛个人赛预选赛,第5轮
2016-10-01,WXG-lynatao（陶玲会）,IEG-symoncheng（陈昇）,IEG-symoncheng（陈昇）,第3届腾讯围棋大赛个人赛预选赛,第1轮
2016-10-01,WXG-lynatao（陶玲会）,IEG-markyang（杨建北）,IEG-markyang（杨建北）,第3届腾讯围棋大赛个人赛预选赛,第3轮
2016-10-01,MIG-devincheng（程飞虎）,WXG-lynatao（陶玲会）,MIG-devincheng（程飞虎）,第3届腾讯围棋大赛个人赛预选赛,第4轮
2016-10-01,IEG-scarinli（李鑫）,WXG-lynatao（陶玲会）,IEG-scarinli（李鑫）,第3届腾讯围棋大赛个人赛预选赛,第6轮
2016-10-01,IEG-markyang（杨建北）,IEG-symoncheng（陈昇）,IEG-symoncheng（陈昇）,第3届腾讯围棋大赛个人赛预选赛,第2轮
2016-10-01,IEG-symoncheng（陈昇）,CDG-daweiluo（罗大为）,CDG-daweiluo（罗大为）,第3届腾讯围棋大赛个人赛预选赛,第3轮
2016-10-01,IEG-symoncheng（陈昇）,IEG-scarinli（李鑫）,IEG-symoncheng（陈昇）,第3届腾讯围棋大赛个人赛预选赛,第5轮
2016-10-01,IEG-markyang（杨建北）,MIG-devincheng（程飞虎）,IEG-markyang（杨建北）,第3届腾讯围棋大赛个人赛预选赛,第1轮
2016-10-01,IEG-scarinli（李鑫）,IEG-markyang（杨建北）,IEG-markyang（杨建北）,第3届腾讯围棋大赛个人赛预选赛,第4轮
2016-10-01,SNG-ainazhu（竺爱娜）,MIG-devincheng（程飞虎）,MIG-devincheng（程飞虎）,第3届腾讯围棋大赛个人赛预选赛,第2轮
2016-10-01,MIG-devincheng（程飞虎）,IEG-scarinli（李鑫）,IEG-scarinli（李鑫）,第3届腾讯围棋大赛个人赛预选赛,第3轮
2016-10-01,SNG-ainazhu（竺爱娜）,IEG-scarinli（李鑫）,IEG-scarinli（李鑫）,第3届腾讯围棋大赛个人赛预选赛,第1轮
2016-10-01,CDG-daweiluo（罗大为）,IEG-scarinli（李鑫）,CDG-daweiluo（罗大为）,第3届腾讯围棋大赛个人赛预选赛,第2轮
2016-10-01,CDG-daweiluo（罗大为）,IEG-chenchenhe（何琛琛）,CDG-daweiluo（罗大为）,第3届腾讯围棋大赛个人赛预选赛,第1轮
2014-10-01,SNG-alexzeng(曾刘彬),SNG-alvahuang(黄辉),SNG-alexzeng(曾刘彬),第2届腾讯围棋大赛个人赛预选赛,第1轮
2014-10-01,IEG-wileyliu(刘建),SNG-alexzeng(曾刘彬),SNG-alexzeng(曾刘彬),第2届腾讯围棋大赛个人赛预选赛,第2轮
2014-10-01,SNG-alexzeng(曾刘彬),SNG-daweiluo(罗大为),SNG-daweiluo(罗大为),第2届腾讯围棋大赛个人赛预选赛,第3轮
2014-10-01,SNG-huberyhuang(黄晓军),SNG-alexzeng(曾刘彬),SNG-alexzeng(曾刘彬),第2届腾讯围棋大赛个人赛预选赛,第4轮
2014-10-01,SNG-alexzeng(曾刘彬),WXG-jonaswang(王剑),WXG-jonaswang(王剑),第2届腾讯围棋大赛个人赛预选赛,第5轮
2014-10-01,TEG-cainluo(罗睿),SNG-alexzeng(曾刘彬),TEG-cainluo(罗睿),第2届腾讯围棋大赛个人赛预选赛,第6轮
2014-10-01,职能线-bobbywbchen(陈伟斌),SNG-alvahuang(黄辉),SNG-alvahuang(黄辉),第2届腾讯围棋大赛个人赛预选赛,第2轮
2014-10-01,SNG-alvahuang(黄辉),TEG-zhiguohong(洪志国),TEG-zhiguohong(洪志国),第2届腾讯围棋大赛个人赛预选赛,第3轮
2014-10-01,TEG-cainluo(罗睿),SNG-alvahuang(黄辉),TEG-cainluo(罗睿),第2届腾讯围棋大赛个人赛预选赛,第4轮
2014-10-01,SNG-alvahuang(黄辉),CDG-moonliao(廖少波),CDG-moonliao(廖少波),第2届腾讯围棋大赛个人赛预选赛,第5轮
2014-10-01,职能线-bobbywbchen(陈伟斌),TEG-cainluo(罗睿),TEG-cainluo(罗睿),第2届腾讯围棋大赛个人赛预选赛,第1轮
2014-10-01,职能线-bobbywbchen(陈伟斌),IEG-dongwang(王东),职能线-bobbywbchen(陈伟斌),第2届腾讯围棋大赛个人赛预选赛,第3轮
2014-10-01,IEG-mickduan(段向阳),职能线-bobbywbchen(陈伟斌),职能线-bobbywbchen(陈伟斌),第2届腾讯围棋大赛个人赛预选赛,第4轮
2014-10-01,职能线-bobbywbchen(陈伟斌),SNG-huberyhuang(黄晓军),SNG-huberyhuang(黄晓军),第2届腾讯围棋大赛个人赛预选赛,第5轮
2014-10-01,CDG-moonliao(廖少波),职能线-bobbywbchen(陈伟斌),CDG-moonliao(廖少波),第2届腾讯围棋大赛个人赛预选赛,第6轮
2014-10-01,SNG-daweiluo(罗大为),TEG-cainluo(罗睿),SNG-daweiluo(罗大为),第2届腾讯围棋大赛个人赛预选赛,第2轮
2014-10-01,TEG-cainluo(罗睿),SNG-huberyhuang(黄晓军),SNG-huberyhuang(黄晓军),第2届腾讯围棋大赛个人赛预选赛,第3轮
2014-10-01,TEG-cainluo(罗睿),WXG-isalin(林映霞),TEG-cainluo(罗睿),第2届腾讯围棋大赛个人赛预选赛,第5轮
2014-10-01,SNG-daweiluo(罗大为),IEG-dongwang(王东),SNG-daweiluo(罗大为),第2届腾讯围棋大赛个人赛预选赛,第1轮
2014-10-01,MIG-jingleliu(刘博东),SNG-daweiluo(罗大为),MIG-jingleliu(刘博东),第2届腾讯围棋大赛个人赛预选赛,第4轮
2014-10-01,SNG-daweiluo(罗大为),总办-ls(卢山),总办-ls(卢山),第2届腾讯围棋大赛个人赛预选赛,第5轮
2014-10-01,SNG-nandyliu(刘楠),SNG-daweiluo(罗大为),SNG-daweiluo(罗大为),第2届腾讯围棋大赛个人赛预选赛,第6轮
2014-10-01,WXG-isalin(林映霞),IEG-dongwang(王东),WXG-isalin(林映霞),第2届腾讯围棋大赛个人赛预选赛,第2轮
2014-10-01,IEG-howardjiang(蒋震昊),IEG-huahaoliu(刘华浩),,第2届腾讯围棋大赛个人赛预选赛,第1轮
2014-10-01,SNG-huberyhuang(黄晓军),WXG-isalin(林映霞),SNG-huberyhuang(黄晓军),第2届腾讯围棋大赛个人赛预选赛,第1轮
2014-10-01,MIG-jingleliu(刘博东),SNG-huberyhuang(黄晓军),MIG-jingleliu(刘博东),第2届腾讯围棋大赛个人赛预选赛,第2轮
2014-10-01,TEG-starlightli(李火荣),SNG-huberyhuang(黄晓军),TEG-starlightli(李火荣),第2届腾讯围棋大赛个人赛预选赛,第6轮
2014-10-01,WXG-isalin(林映霞),IEG-jefflhuang(JEFFL),IEG-jefflhuang(JEFFL),第2届腾讯围棋大赛个人赛预选赛,第3轮
2014-10-01,CDG-moonliao(廖少波),WXG-isalin(林映霞),WXG-isalin(林映霞),第2届腾讯围棋大赛个人赛预选赛,第4轮
2014-10-01,IEG-markyang(杨建北),WXG-isalin(林映霞),WXG-isalin(林映霞),第2届腾讯围棋大赛个人赛预选赛,第6轮
2014-10-01,IEG-jefflhuang(JEFFL),MIG-jingleliu(刘博东),MIG-jingleliu(刘博东),第2届腾讯围棋大赛个人赛预选赛,第1轮
2014-10-01,职能线-lylagong(龚婧婧),IEG-jefflhuang(JEFFL),IEG-jefflhuang(JEFFL),第2届腾讯围棋大赛个人赛预选赛,第2轮
2014-10-01,WXG-jonaswang(王剑),IEG-jefflhuang(JEFFL),WXG-jonaswang(王剑),第2届腾讯围棋大赛个人赛预选赛,第4轮
2014-10-01,IEG-jefflhuang(JEFFL),IEG-kamiwang(王泽华),IEG-jefflhuang(JEFFL),第2届腾讯围棋大赛个人赛预选赛,第5轮
2014-10-01,IEG-stonetang(唐铭鸿),IEG-jefflhuang(JEFFL),IEG-jefflhuang(JEFFL),第2届腾讯围棋大赛个人赛预选赛,第6轮
2014-10-01,MIG-jingleliu(刘博东),WXG-jonaswang(王剑),MIG-jingleliu(刘博东),第2届腾讯围棋大赛个人赛预选赛,第3轮
2014-10-01,MIG-jingleliu(刘博东),TEG-zhiguohong(洪志国),MIG-jingleliu(刘博东),第2届腾讯围棋大赛个人赛预选赛,第5轮
2014-10-01,OMG-ryanding(丁阳),MIG-jingleliu(刘博东),,第2届腾讯围棋大赛个人赛预选赛,第6轮
2014-10-01,WXG-jonaswang(王剑),IEG-kamiwang(王泽华),WXG-jonaswang(王剑),第2届腾讯围棋大赛个人赛预选赛,第1轮
2014-10-01,总办-ls(卢山),WXG-jonaswang(王剑),WXG-jonaswang(王剑),第2届腾讯围棋大赛个人赛预选赛,第2轮
2014-10-01,CDG-valorzhang(张刚毅),WXG-jonaswang(王剑),WXG-jonaswang(王剑),第2届腾讯围棋大赛个人赛预选赛,第6轮
2014-10-01,IEG-kamiwang(王泽华),职能线-lylagong(龚婧婧),IEG-kamiwang(王泽华),第2届腾讯围棋大赛个人赛预选赛,第3轮
2014-10-01,SNG-nandyliu(刘楠),IEG-kamiwang(王泽华),IEG-kamiwang(王泽华),第2届腾讯围棋大赛个人赛预选赛,第4轮
2014-10-01,总办-ls(卢山),职能线-lylagong(龚婧婧),总办-ls(卢山),第2届腾讯围棋大赛个人赛预选赛,第1轮
2014-10-01,总办-ls(卢山),CDG-moonliao(廖少波),总办-ls(卢山),第2届腾讯围棋大赛个人赛预选赛,第3轮
2014-10-01,IEG-stonetang(唐铭鸿),总办-ls(卢山),总办-ls(卢山),第2届腾讯围棋大赛个人赛预选赛,第4轮
2014-10-01,TEG-zhiguohong(洪志国),总办-ls(卢山),总办-ls(卢山),第2届腾讯围棋大赛个人赛预选赛,第6轮
2014-10-01,IEG-wileyliu(刘建),职能线-lylagong(龚婧婧),职能线-lylagong(龚婧婧),第2届腾讯围棋大赛个人赛预选赛,第4轮
2014-10-01,职能线-lylagong(龚婧婧),IEG-stonetang(唐铭鸿),IEG-stonetang(唐铭鸿),第2届腾讯围棋大赛个人赛预选赛,第5轮
2014-10-01,IEG-mickduan(段向阳),职能线-lylagong(龚婧婧),IEG-mickduan(段向阳),第2届腾讯围棋大赛个人赛预选赛,第6轮
2014-10-01,IEG-markyang(杨建北),IEG-mickduan(段向阳),IEG-markyang(杨建北),第2届腾讯围棋大赛个人赛预选赛,第1轮
2014-10-01,CDG-moonliao(廖少波),IEG-markyang(杨建北),IEG-markyang(杨建北),第2届腾讯围棋大赛个人赛预选赛,第2轮
2014-10-01,IEG-markyang(杨建北),OMG-ryanding(丁阳),OMG-ryanding(丁阳),第2届腾讯围棋大赛个人赛预选赛,第3轮
2014-10-01,CDG-valorzhang(张刚毅),IEG-markyang(杨建北),CDG-valorzhang(张刚毅),第2届腾讯围棋大赛个人赛预选赛,第4轮
2014-10-01,IEG-markyang(杨建北),TEG-starlightli(李火荣),TEG-starlightli(李火荣),第2届腾讯围棋大赛个人赛预选赛,第5轮
2014-10-01,SNG-nandyliu(刘楠),IEG-mickduan(段向阳),SNG-nandyliu(刘楠),第2届腾讯围棋大赛个人赛预选赛,第2轮
2014-10-01,IEG-mickduan(段向阳),IEG-robychen(陈睿),IEG-robychen(陈睿),第2届腾讯围棋大赛个人赛预选赛,第3轮
2014-10-01,IEG-mickduan(段向阳),IEG-wileyliu(刘建),IEG-mickduan(段向阳),第2届腾讯围棋大赛个人赛预选赛,第5轮
2014-10-01,CDG-moonliao(廖少波),SNG-nandyliu(刘楠),CDG-moonliao(廖少波),第2届腾讯围棋大赛个人赛预选赛,第1轮
2014-10-01,SNG-nandyliu(刘楠),IEG-stonetang(唐铭鸿),IEG-stonetang(唐铭鸿),第2届腾讯围棋大赛个人赛预选赛,第3轮
2014-10-01,SNG-nandyliu(刘楠),IEG-robychen(陈睿),SNG-nandyliu(刘楠),第2届腾讯围棋大赛个人赛预选赛,第5轮
2014-10-01,TEG-olivialu(鲁亚楠),IEG-robychen(陈睿),TEG-olivialu(鲁亚楠),第2届腾讯围棋大赛个人赛预选赛,第1轮
2014-10-01,OMG-ryanding(丁阳),TEG-olivialu(鲁亚楠),OMG-ryanding(丁阳),第2届腾讯围棋大赛个人赛预选赛,第2轮
2014-10-01,TEG-olivialu(鲁亚楠),CDG-valorzhang(张刚毅),CDG-valorzhang(张刚毅),第2届腾讯围棋大赛个人赛预选赛,第3轮
2014-10-01,TEG-starlightli(李火荣),IEG-robychen(陈睿),TEG-starlightli(李火荣),第2届腾讯围棋大赛个人赛预选赛,第4轮
2014-10-01,OMG-ryanding(丁阳),TEG-starlightli(李火荣),OMG-ryanding(丁阳),第2届腾讯围棋大赛个人赛预选赛,第1轮
2014-10-01,TEG-zhiguohong(洪志国),OMG-ryanding(丁阳),TEG-zhiguohong(洪志国),第2届腾讯围棋大赛个人赛预选赛,第4轮
2014-10-01,OMG-ryanding(丁阳),CDG-valorzhang(张刚毅),OMG-ryanding(丁阳),第2届腾讯围棋大赛个人赛预选赛,第5轮
2014-10-01,IEG-stonetang(唐铭鸿),TEG-starlightli(李火荣),IEG-stonetang(唐铭鸿),第2届腾讯围棋大赛个人赛预选赛,第2轮
2014-10-01,TEG-starlightli(李火荣),IEG-wileyliu(刘建),TEG-starlightli(李火荣),第2届腾讯围棋大赛个人赛预选赛,第3轮
2014-10-01,IEG-stonetang(唐铭鸿),CDG-valorzhang(张刚毅),CDG-valorzhang(张刚毅),第2届腾讯围棋大赛个人赛预选赛,第1轮
2014-10-01,TEG-zhiguohong(洪志国),CDG-valorzhang(张刚毅),TEG-zhiguohong(洪志国),第2届腾讯围棋大赛个人赛预选赛,第2轮
2014-10-01,IEG-wileyliu(刘建),TEG-zhiguohong(洪志国),TEG-zhiguohong(洪志国),第2届腾讯围棋大赛个人赛预选赛,第1轮
2013-10-01,ailenli（李兴旺）,alaxie（谢明红）,alaxie（谢明红）,第1届腾讯围棋大赛个人赛预选赛A组,第1轮
2013-10-01,alexhuang（黄志力）,alaxie（谢明红）,alexhuang（黄志力）,第1届腾讯围棋大赛个人赛预选赛A组,第2轮
2013-10-01,alaxie（谢明红）,robynliu（刘若潇）,robynliu（刘若潇）,第1届腾讯围棋大赛个人赛预选赛A组,第3轮
2013-10-01,duochunshe（佘铎淳）,alaxie（谢明红）,alaxie（谢明红）,第1届腾讯围棋大赛个人赛预选赛A组,第4轮
2013-10-01,alaxie（谢明红）,bofu（付博）,alaxie（谢明红）,第1届腾讯围棋大赛个人赛预选赛A组,第5轮
2013-10-01,fuyuzhang（张馥育）,alaxie（谢明红）,fuyuzhang（张馥育）,第1届腾讯围棋大赛个人赛预选赛A组,第6轮
2013-10-01,alexhuang（黄志力）,alvahuang（黄辉）,alexhuang（黄志力）,第1届腾讯围棋大赛个人赛预选赛A组,第1轮
2013-10-01,alexhuang（黄志力）,cainluo（罗睿）,cainluo（罗睿）,第1届腾讯围棋大赛个人赛预选赛A组,第3轮
2013-10-01,cyrillcui（崔跃）,alexhuang（黄志力）,cyrillcui（崔跃）,第1届腾讯围棋大赛个人赛预选赛A组,第4轮
2013-10-01,alexhuang（黄志力）,ericquan（全勇）,ericquan（全勇）,第1届腾讯围棋大赛个人赛预选赛A组,第5轮
2013-10-01,arganzheng（郑志彬）,bofu（付博）,bofu（付博）,第1届腾讯围棋大赛个人赛预选赛A组,第1轮
2013-10-01,cainluo（罗睿）,bofu（付博）,cainluo（罗睿）,第1届腾讯围棋大赛个人赛预选赛A组,第2轮
2013-10-01,bofu（付博）,christbao（鲍明昊）,christbao（鲍明昊）,第1届腾讯围棋大赛个人赛预选赛A组,第3轮
2013-10-01,mavisyu（余琦）,bofu（付博）,bofu（付博）,第1届腾讯围棋大赛个人赛预选赛A组,第4轮
2013-10-01,cainluo（罗睿）,carlgao（高中山）,cainluo（罗睿）,第1届腾讯围棋大赛个人赛预选赛A组,第1轮
2013-10-01,daweiluo（罗大为）,cainluo（罗睿）,daweiluo（罗大为）,第1届腾讯围棋大赛个人赛预选赛A组,第4轮
2013-10-01,cainluo（罗睿）,cyrillcui（崔跃）,cainluo（罗睿）,第1届腾讯围棋大赛个人赛预选赛A组,第5轮
2013-10-01,parry（彭雄伟）,cainluo（罗睿）,parry（彭雄伟）,第1届腾讯围棋大赛个人赛预选赛A组,第6轮
2013-10-01,cyrillcui（崔跃）,carlgao（高中山）,cyrillcui（崔跃）,第1届腾讯围棋大赛个人赛预选赛A组,第2轮
2013-10-01,christbao（鲍明昊）,cyrillcui（崔跃）,christbao（鲍明昊）,第1届腾讯围棋大赛个人赛预选赛A组,第1轮
2013-10-01,daweiluo（罗大为）,christbao（鲍明昊）,daweiluo（罗大为）,第1届腾讯围棋大赛个人赛预选赛A组,第2轮
2013-10-01,yakschang（常龙）,christbao（鲍明昊）,christbao（鲍明昊）,第1届腾讯围棋大赛个人赛预选赛A组,第4轮
2013-10-01,cyrillcui（崔跃）,duochunshe（佘铎淳）,cyrillcui（崔跃）,第1届腾讯围棋大赛个人赛预选赛A组,第3轮
2013-10-01,pauloliu（刘向平）,cyrillcui（崔跃）,,第1届腾讯围棋大赛个人赛预选赛A组,第6轮
2013-10-01,daweiluo（罗大为）,duochunshe（佘铎淳）,daweiluo（罗大为）,第1届腾讯围棋大赛个人赛预选赛A组,第1轮
2013-10-01,daweiluo（罗大为）,felixgmchen（陈国明）,daweiluo（罗大为）,第1届腾讯围棋大赛个人赛预选赛A组,第3轮
2013-10-01,daweiluo（罗大为）,parry（彭雄伟）,daweiluo（罗大为）,第1届腾讯围棋大赛个人赛预选赛A组,第5轮
2013-10-01,hillhe（何一峰）,daweiluo（罗大为）,,第1届腾讯围棋大赛个人赛预选赛A组,第6轮
2013-10-01,ellazhu（朱薪圯）,duochunshe（佘铎淳）,duochunshe（佘铎淳）,第1届腾讯围棋大赛个人赛预选赛A组,第2轮
2013-10-01,duochunshe（佘铎淳）,galoishe（何锐明）,galoishe（何锐明）,第1届腾讯围棋大赛个人赛预选赛A组,第5轮
2013-10-01,ellazhu（朱薪圯）,ericquan（全勇）,ericquan（全勇）,第1届腾讯围棋大赛个人赛预选赛A组,第1轮
2013-10-01,ellazhu（朱薪圯）,starlightli（李火荣）,starlightli（李火荣）,第1届腾讯围棋大赛个人赛预选赛A组,第3轮
2013-10-01,felixgmchen（陈国明）,ericquan（全勇）,felixgmchen（陈国明）,第1届腾讯围棋大赛个人赛预选赛A组,第2轮
2013-10-01,ericquan（全勇）,fuyuzhang（张馥育）,fuyuzhang（张馥育）,第1届腾讯围棋大赛个人赛预选赛A组,第3轮
2013-10-01,galoishe（何锐明）,ericquan（全勇）,ericquan（全勇）,第1届腾讯围棋大赛个人赛预选赛A组,第4轮
2013-10-01,forrestyao（姚星）,ericquan（全勇）,forrestyao（姚星）,第1届腾讯围棋大赛个人赛预选赛A组,第6轮
2013-10-01,felixgmchen（陈国明）,fengzhao（赵丰）,felixgmchen（陈国明）,第1届腾讯围棋大赛个人赛预选赛A组,第1轮
2013-10-01,forrestyao（姚星）,felixgmchen（陈国明）,forrestyao（姚星）,第1届腾讯围棋大赛个人赛预选赛A组,第4轮
2013-10-01,felixgmchen（陈国明）,pauloliu（刘向平）,felixgmchen（陈国明）,第1届腾讯围棋大赛个人赛预选赛A组,第5轮
2013-10-01,hansli（李志辉）,felixgmchen（陈国明）,hansli（李志辉）,第1届腾讯围棋大赛个人赛预选赛A组,第6轮
2013-10-01,forrestyao（姚星）,fuyuzhang（张馥育）,forrestyao（姚星）,第1届腾讯围棋大赛个人赛预选赛A组,第1轮
2013-10-01,galoishe（何锐明）,forrestyao（姚星）,forrestyao（姚星）,第1届腾讯围棋大赛个人赛预选赛A组,第2轮
2013-10-01,forrestyao（姚星）,parry（彭雄伟）,parry（彭雄伟）,第1届腾讯围棋大赛个人赛预选赛A组,第3轮
2013-10-01,forrestyao（姚星）,hansli（李志辉）,forrestyao（姚星）,第1届腾讯围棋大赛个人赛预选赛A组,第5轮
2013-10-01,generzhang（张镇圳）,fuyuzhang（张馥育）,fuyuzhang（张馥育）,第1届腾讯围棋大赛个人赛预选赛A组,第2轮
2013-10-01,hansli（李志辉）,fuyuzhang（张馥育）,hansli（李志辉）,第1届腾讯围棋大赛个人赛预选赛A组,第4轮
2013-10-01,fuyuzhang（张馥育）,starlightli（李火荣）,fuyuzhang（张馥育）,第1届腾讯围棋大赛个人赛预选赛A组,第5轮
2013-10-01,galoishe（何锐明）,generzhang（张镇圳）,galoishe（何锐明）,第1届腾讯围棋大赛个人赛预选赛A组,第1轮
2013-10-01,galoishe（何锐明）,hansli（李志辉）,hansli（李志辉）,第1届腾讯围棋大赛个人赛预选赛A组,第3轮
2013-10-01,starlightli（李火荣）,galoishe（何锐明）,starlightli（李火荣）,第1届腾讯围棋大赛个人赛预选赛A组,第6轮
2013-10-01,generzhang（张镇圳）,mavisyu（余琦）,generzhang（张镇圳）,第1届腾讯围棋大赛个人赛预选赛A组,第3轮
2013-10-01,pauloliu（刘向平）,generzhang（张镇圳）,pauloliu（刘向平）,第1届腾讯围棋大赛个人赛预选赛A组,第4轮
2013-10-01,generzhang（张镇圳）,yakschang（常龙）,,第1届腾讯围棋大赛个人赛预选赛A组,第5轮
2013-10-01,hansli（李志辉）,hillhe（何一峰）,hillhe（何一峰）,第1届腾讯围棋大赛个人赛预选赛A组,第1轮
2013-10-01,mavisyu（余琦）,hansli（李志辉）,hansli（李志辉）,第1届腾讯围棋大赛个人赛预选赛A组,第2轮
2013-10-01,parry（彭雄伟）,hillhe（何一峰）,parry（彭雄伟）,第1届腾讯围棋大赛个人赛预选赛A组,第2轮
2013-10-01,hillhe（何一峰）,pauloliu（刘向平）,hillhe（何一峰）,第1届腾讯围棋大赛个人赛预选赛A组,第3轮
2013-10-01,starlightli（李火荣）,hillhe（何一峰）,hillhe（何一峰）,第1届腾讯围棋大赛个人赛预选赛A组,第4轮
2013-10-01,hillhe（何一峰）,robynliu（刘若潇）,hillhe（何一峰）,第1届腾讯围棋大赛个人赛预选赛A组,第5轮
2013-10-01,mavisyu（余琦）,parry（彭雄伟）,parry（彭雄伟）,第1届腾讯围棋大赛个人赛预选赛A组,第1轮
2013-10-01,robynliu（刘若潇）,parry（彭雄伟）,parry（彭雄伟）,第1届腾讯围棋大赛个人赛预选赛A组,第4轮
2013-10-01,pauloliu（刘向平）,starlightli（李火荣）,starlightli（李火荣）,第1届腾讯围棋大赛个人赛预选赛A组,第1轮
2013-10-01,yakschang（常龙）,pauloliu（刘向平）,pauloliu（刘向平）,第1届腾讯围棋大赛个人赛预选赛A组,第2轮
2013-10-01,robynliu（刘若潇）,starlightli（李火荣）,robynliu（刘若潇）,第1届腾讯围棋大赛个人赛预选赛A组,第2轮
2013-10-01,yakschang（常龙）,robynliu（刘若潇）,robynliu（刘若潇）,第1届腾讯围棋大赛个人赛预选赛A组,第1轮